THEME,STATUS,REF_PER_COLLECT,CCYY,MM,ITEM_P,STAT_VAR,STAT_PRES,STAT_VALUE
CLBM,f,A,2013,1,AGG,PRICE,Raw,64
CLBM,f,A,2013,1,BIT,PRICE,Raw,8770
CLBM,f,A,2013,1,CEMENT,PRICE,Raw,698
CLBM,f,A,2013,1,CONCRETE,PRICE,Raw,70
CLBM,f,A,2013,1,DIESEL_IND,PRICE,Raw,2058
CLBM,f,A,2013,1,DIESEL_RD,PRICE,Raw,1033
CLBM,f,A,2013,1,GLASS_SH,PRICE,Raw,151
CLBM,f,A,2013,1,GMS_ANGLE,PRICE,Raw,11856
CLBM,f,A,2013,1,GMS_FLAT,PRICE,Raw,9914
CLBM,f,A,2013,1,GMS_PLATE,PRICE,Raw,8814
CLBM,f,A,2013,1,HARDW_SAWN,PRICE,Raw,5654
CLBM,f,A,2013,1,HOMOF_200,PRICE,Raw,154
CLBM,f,A,2013,1,MF_SP,PRICE,Raw,5964
CLBM,f,A,2013,1,MOSAIC_18,PRICE,Raw,104
CLBM,f,A,2013,1,MOSAIC_25,PRICE,Raw,50
CLBM,f,A,2013,1,MOSAIC_45,PRICE,Raw,122
CLBM,f,A,2013,1,PAINT_ACRY,PRICE,Raw,48
CLBM,f,A,2013,1,PAINT_EMUL,PRICE,Raw,51
CLBM,f,A,2013,1,SAND,PRICE,Raw,122
CLBM,f,A,2013,1,SR_HIGH,PRICE,Raw,5611
CLBM,f,A,2013,1,SR_ROUND,PRICE,Raw,6085
CLBM,f,A,2013,1,TF_PLY,PRICE,Raw,72
CLBM,f,A,2013,1,TF_SAWN,PRICE,Raw,3814
CLBM,f,A,2013,1,UPVC_32,PRICE,Raw,56
CLBM,f,A,2013,1,WALL_COLOR,PRICE,Raw,391
CLBM,f,A,2013,1,WALL_WHITE,PRICE,Raw,232
CLBM,f,A,2013,2,AGG,PRICE,Raw,64
CLBM,f,A,2013,2,BIT,PRICE,Raw,8770
CLBM,f,A,2013,2,CEMENT,PRICE,Raw,700
CLBM,f,A,2013,2,CONCRETE,PRICE,Raw,70
CLBM,f,A,2013,2,DIESEL_IND,PRICE,Raw,2088
CLBM,f,A,2013,2,DIESEL_RD,PRICE,Raw,1064
CLBM,f,A,2013,2,GLASS_SH,PRICE,Raw,151
CLBM,f,A,2013,2,GMS_ANGLE,PRICE,Raw,11856
CLBM,f,A,2013,2,GMS_FLAT,PRICE,Raw,9914
CLBM,f,A,2013,2,GMS_PLATE,PRICE,Raw,8814
CLBM,f,A,2013,2,HARDW_SAWN,PRICE,Raw,5502
CLBM,f,A,2013,2,HOMOF_200,PRICE,Raw,157
CLBM,f,A,2013,2,MF_SP,PRICE,Raw,5969
CLBM,f,A,2013,2,MOSAIC_18,PRICE,Raw,104
CLBM,f,A,2013,2,MOSAIC_25,PRICE,Raw,50
CLBM,f,A,2013,2,MOSAIC_45,PRICE,Raw,122
CLBM,f,A,2013,2,PAINT_ACRY,PRICE,Raw,48
CLBM,f,A,2013,2,PAINT_EMUL,PRICE,Raw,51
CLBM,f,A,2013,2,SAND,PRICE,Raw,123
CLBM,f,A,2013,2,SR_HIGH,PRICE,Raw,5615
CLBM,f,A,2013,2,SR_ROUND,PRICE,Raw,6125
CLBM,f,A,2013,2,TF_PLY,PRICE,Raw,72
CLBM,f,A,2013,2,TF_SAWN,PRICE,Raw,3814
CLBM,f,A,2013,2,UPVC_32,PRICE,Raw,56
CLBM,f,A,2013,2,WALL_COLOR,PRICE,Raw,398
CLBM,f,A,2013,2,WALL_WHITE,PRICE,Raw,233
CLBM,f,A,2013,3,AGG,PRICE,Raw,65
CLBM,f,A,2013,3,BIT,PRICE,Raw,8770
CLBM,f,A,2013,3,CEMENT,PRICE,Raw,700
CLBM,f,A,2013,3,CONCRETE,PRICE,Raw,70
CLBM,f,A,2013,3,DIESEL_IND,PRICE,Raw,2096
CLBM,f,A,2013,3,DIESEL_RD,PRICE,Raw,1049
CLBM,f,A,2013,3,GLASS_SH,PRICE,Raw,151
CLBM,f,A,2013,3,GMS_ANGLE,PRICE,Raw,11856
CLBM,f,A,2013,3,GMS_FLAT,PRICE,Raw,10131
CLBM,f,A,2013,3,GMS_PLATE,PRICE,Raw,8814
CLBM,f,A,2013,3,HARDW_SAWN,PRICE,Raw,5502
CLBM,f,A,2013,3,HOMOF_200,PRICE,Raw,157
CLBM,f,A,2013,3,MF_SP,PRICE,Raw,5958
CLBM,f,A,2013,3,MOSAIC_18,PRICE,Raw,104
CLBM,f,A,2013,3,MOSAIC_25,PRICE,Raw,50
CLBM,f,A,2013,3,MOSAIC_45,PRICE,Raw,122
CLBM,f,A,2013,3,PAINT_ACRY,PRICE,Raw,48
CLBM,f,A,2013,3,PAINT_EMUL,PRICE,Raw,51
CLBM,f,A,2013,3,SAND,PRICE,Raw,120
CLBM,f,A,2013,3,SR_HIGH,PRICE,Raw,5580
CLBM,f,A,2013,3,SR_ROUND,PRICE,Raw,6095
CLBM,f,A,2013,3,TF_PLY,PRICE,Raw,73
CLBM,f,A,2013,3,TF_SAWN,PRICE,Raw,3814
CLBM,f,A,2013,3,UPVC_32,PRICE,Raw,56
CLBM,f,A,2013,3,WALL_COLOR,PRICE,Raw,398
CLBM,f,A,2013,3,WALL_WHITE,PRICE,Raw,233
CLBM,f,A,2013,4,AGG,PRICE,Raw,62
CLBM,f,A,2013,4,BIT,PRICE,Raw,8820
CLBM,f,A,2013,4,CEMENT,PRICE,Raw,700
CLBM,f,A,2013,4,CONCRETE,PRICE,Raw,70
CLBM,f,A,2013,4,DIESEL_IND,PRICE,Raw,2060
CLBM,f,A,2013,4,DIESEL_RD,PRICE,Raw,1015
CLBM,f,A,2013,4,GLASS_SH,PRICE,Raw,151
CLBM,f,A,2013,4,GMS_ANGLE,PRICE,Raw,11823
CLBM,f,A,2013,4,GMS_FLAT,PRICE,Raw,10131
CLBM,f,A,2013,4,GMS_PLATE,PRICE,Raw,8771
CLBM,f,A,2013,4,HARDW_SAWN,PRICE,Raw,5502
CLBM,f,A,2013,4,HOMOF_200,PRICE,Raw,158
CLBM,f,A,2013,4,MF_SP,PRICE,Raw,5941
CLBM,f,A,2013,4,MOSAIC_18,PRICE,Raw,104
CLBM,f,A,2013,4,MOSAIC_25,PRICE,Raw,50
CLBM,f,A,2013,4,MOSAIC_45,PRICE,Raw,122
CLBM,f,A,2013,4,PAINT_ACRY,PRICE,Raw,48
CLBM,f,A,2013,4,PAINT_EMUL,PRICE,Raw,51
CLBM,f,A,2013,4,SAND,PRICE,Raw,120
CLBM,f,A,2013,4,SR_HIGH,PRICE,Raw,5343
CLBM,f,A,2013,4,SR_ROUND,PRICE,Raw,6015
CLBM,f,A,2013,4,TF_PLY,PRICE,Raw,74
CLBM,f,A,2013,4,TF_SAWN,PRICE,Raw,3814
CLBM,f,A,2013,4,UPVC_32,PRICE,Raw,56
CLBM,f,A,2013,4,WALL_COLOR,PRICE,Raw,398
CLBM,f,A,2013,4,WALL_WHITE,PRICE,Raw,233
CLBM,f,A,2013,5,AGG,PRICE,Raw,58
CLBM,f,A,2013,5,BIT,PRICE,Raw,8820
CLBM,f,A,2013,5,CEMENT,PRICE,Raw,700
CLBM,f,A,2013,5,CONCRETE,PRICE,Raw,72
CLBM,f,A,2013,5,DIESEL_IND,PRICE,Raw,2050
CLBM,f,A,2013,5,DIESEL_RD,PRICE,Raw,1011
CLBM,f,A,2013,5,GLASS_SH,PRICE,Raw,151
CLBM,f,A,2013,5,GMS_ANGLE,PRICE,Raw,11823
CLBM,f,A,2013,5,GMS_FLAT,PRICE,Raw,10076
CLBM,f,A,2013,5,GMS_PLATE,PRICE,Raw,8780
CLBM,f,A,2013,5,HARDW_SAWN,PRICE,Raw,5502
CLBM,f,A,2013,5,HOMOF_200,PRICE,Raw,158
CLBM,f,A,2013,5,MF_SP,PRICE,Raw,5919
CLBM,f,A,2013,5,MOSAIC_18,PRICE,Raw,104
CLBM,f,A,2013,5,MOSAIC_25,PRICE,Raw,50
CLBM,f,A,2013,5,MOSAIC_45,PRICE,Raw,122
CLBM,f,A,2013,5,PAINT_ACRY,PRICE,Raw,49
CLBM,f,A,2013,5,PAINT_EMUL,PRICE,Raw,51
CLBM,f,A,2013,5,SAND,PRICE,Raw,120
CLBM,f,A,2013,5,SR_HIGH,PRICE,Raw,5226
CLBM,f,A,2013,5,SR_ROUND,PRICE,Raw,5958
CLBM,f,A,2013,5,TF_PLY,PRICE,Raw,74
CLBM,f,A,2013,5,TF_SAWN,PRICE,Raw,3814
CLBM,f,A,2013,5,UPVC_32,PRICE,Raw,56
CLBM,f,A,2013,5,WALL_COLOR,PRICE,Raw,398
CLBM,f,A,2013,5,WALL_WHITE,PRICE,Raw,233
CLBM,f,A,2013,6,AGG,PRICE,Raw,60
CLBM,f,A,2013,6,BIT,PRICE,Raw,8803
CLBM,f,A,2013,6,CEMENT,PRICE,Raw,700
CLBM,f,A,2013,6,CONCRETE,PRICE,Raw,72
CLBM,f,A,2013,6,DIESEL_IND,PRICE,Raw,2075
CLBM,f,A,2013,6,DIESEL_RD,PRICE,Raw,1030
CLBM,f,A,2013,6,GLASS_SH,PRICE,Raw,151
CLBM,f,A,2013,6,GMS_ANGLE,PRICE,Raw,11823
CLBM,f,A,2013,6,GMS_FLAT,PRICE,Raw,10076
CLBM,f,A,2013,6,GMS_PLATE,PRICE,Raw,8773
CLBM,f,A,2013,6,HARDW_SAWN,PRICE,Raw,5502
CLBM,f,A,2013,6,HOMOF_200,PRICE,Raw,158
CLBM,f,A,2013,6,MF_SP,PRICE,Raw,5848
CLBM,f,A,2013,6,MOSAIC_18,PRICE,Raw,104
CLBM,f,A,2013,6,MOSAIC_25,PRICE,Raw,50
CLBM,f,A,2013,6,MOSAIC_45,PRICE,Raw,122
CLBM,f,A,2013,6,PAINT_ACRY,PRICE,Raw,49
CLBM,f,A,2013,6,PAINT_EMUL,PRICE,Raw,52
CLBM,f,A,2013,6,SAND,PRICE,Raw,122
CLBM,f,A,2013,6,SR_HIGH,PRICE,Raw,5099
CLBM,f,A,2013,6,SR_ROUND,PRICE,Raw,5870
CLBM,f,A,2013,6,TF_PLY,PRICE,Raw,74
CLBM,f,A,2013,6,TF_SAWN,PRICE,Raw,3814
CLBM,f,A,2013,6,UPVC_32,PRICE,Raw,57
CLBM,f,A,2013,6,WALL_COLOR,PRICE,Raw,398
CLBM,f,A,2013,6,WALL_WHITE,PRICE,Raw,233
CLBM,f,A,2013,7,AGG,PRICE,Raw,58
CLBM,f,A,2013,7,BIT,PRICE,Raw,8770
CLBM,f,A,2013,7,CEMENT,PRICE,Raw,698
CLBM,f,A,2013,7,CONCRETE,PRICE,Raw,72
CLBM,f,A,2013,7,DIESEL_IND,PRICE,Raw,2092
CLBM,f,A,2013,7,DIESEL_RD,PRICE,Raw,1047
CLBM,f,A,2013,7,GLASS_SH,PRICE,Raw,151
CLBM,f,A,2013,7,GMS_ANGLE,PRICE,Raw,11823
CLBM,f,A,2013,7,GMS_FLAT,PRICE,Raw,10131
CLBM,f,A,2013,7,GMS_PLATE,PRICE,Raw,8783
CLBM,f,A,2013,7,HARDW_SAWN,PRICE,Raw,5502
CLBM,f,A,2013,7,HOMOF_200,PRICE,Raw,158
CLBM,f,A,2013,7,MF_SP,PRICE,Raw,5817
CLBM,f,A,2013,7,MOSAIC_18,PRICE,Raw,104
CLBM,f,A,2013,7,MOSAIC_25,PRICE,Raw,50
CLBM,f,A,2013,7,MOSAIC_45,PRICE,Raw,129
CLBM,f,A,2013,7,PAINT_ACRY,PRICE,Raw,49
CLBM,f,A,2013,7,PAINT_EMUL,PRICE,Raw,52
CLBM,f,A,2013,7,SAND,PRICE,Raw,122
CLBM,f,A,2013,7,SR_HIGH,PRICE,Raw,5169
CLBM,f,A,2013,7,SR_ROUND,PRICE,Raw,5910
CLBM,f,A,2013,7,TF_PLY,PRICE,Raw,75
CLBM,f,A,2013,7,TF_SAWN,PRICE,Raw,3814
CLBM,f,A,2013,7,UPVC_32,PRICE,Raw,56
CLBM,f,A,2013,7,WALL_COLOR,PRICE,Raw,398
CLBM,f,A,2013,7,WALL_WHITE,PRICE,Raw,233
CLBM,f,A,2013,8,AGG,PRICE,Raw,60
CLBM,f,A,2013,8,BIT,PRICE,Raw,8717
CLBM,f,A,2013,8,CEMENT,PRICE,Raw,697
CLBM,f,A,2013,8,CONCRETE,PRICE,Raw,72
CLBM,f,A,2013,8,DIESEL_IND,PRICE,Raw,2106
CLBM,f,A,2013,8,DIESEL_RD,PRICE,Raw,1054
CLBM,f,A,2013,8,GLASS_SH,PRICE,Raw,151
CLBM,f,A,2013,8,GMS_ANGLE,PRICE,Raw,11823
CLBM,f,A,2013,8,GMS_FLAT,PRICE,Raw,10131
CLBM,f,A,2013,8,GMS_PLATE,PRICE,Raw,8783
CLBM,f,A,2013,8,HARDW_SAWN,PRICE,Raw,5502
CLBM,f,A,2013,8,HOMOF_200,PRICE,Raw,158
CLBM,f,A,2013,8,MF_SP,PRICE,Raw,5800
CLBM,f,A,2013,8,MOSAIC_18,PRICE,Raw,109
CLBM,f,A,2013,8,MOSAIC_25,PRICE,Raw,50
CLBM,f,A,2013,8,MOSAIC_45,PRICE,Raw,129
CLBM,f,A,2013,8,PAINT_ACRY,PRICE,Raw,49
CLBM,f,A,2013,8,PAINT_EMUL,PRICE,Raw,52
CLBM,f,A,2013,8,SAND,PRICE,Raw,123
CLBM,f,A,2013,8,SR_HIGH,PRICE,Raw,5220
CLBM,f,A,2013,8,SR_ROUND,PRICE,Raw,5980
CLBM,f,A,2013,8,TF_PLY,PRICE,Raw,74
CLBM,f,A,2013,8,TF_SAWN,PRICE,Raw,3814
CLBM,f,A,2013,8,UPVC_32,PRICE,Raw,56
CLBM,f,A,2013,8,WALL_COLOR,PRICE,Raw,398
CLBM,f,A,2013,8,WALL_WHITE,PRICE,Raw,243
CLBM,f,A,2013,9,AGG,PRICE,Raw,56
CLBM,f,A,2013,9,BIT,PRICE,Raw,8690
CLBM,f,A,2013,9,CEMENT,PRICE,Raw,697
CLBM,f,A,2013,9,CONCRETE,PRICE,Raw,72
CLBM,f,A,2013,9,DIESEL_IND,PRICE,Raw,2111
CLBM,f,A,2013,9,DIESEL_RD,PRICE,Raw,1062
CLBM,f,A,2013,9,GLASS_SH,PRICE,Raw,151
CLBM,f,A,2013,9,GMS_ANGLE,PRICE,Raw,11823
CLBM,f,A,2013,9,GMS_FLAT,PRICE,Raw,10131
CLBM,f,A,2013,9,GMS_PLATE,PRICE,Raw,8783
CLBM,f,A,2013,9,HARDW_SAWN,PRICE,Raw,5502
CLBM,f,A,2013,9,HOMOF_200,PRICE,Raw,158
CLBM,f,A,2013,9,MF_SP,PRICE,Raw,5800
CLBM,f,A,2013,9,MOSAIC_18,PRICE,Raw,109
CLBM,f,A,2013,9,MOSAIC_25,PRICE,Raw,50
CLBM,f,A,2013,9,MOSAIC_45,PRICE,Raw,129
CLBM,f,A,2013,9,PAINT_ACRY,PRICE,Raw,49
CLBM,f,A,2013,9,PAINT_EMUL,PRICE,Raw,52
CLBM,f,A,2013,9,SAND,PRICE,Raw,119
CLBM,f,A,2013,9,SR_HIGH,PRICE,Raw,5195
CLBM,f,A,2013,9,SR_ROUND,PRICE,Raw,5960
CLBM,f,A,2013,9,TF_PLY,PRICE,Raw,75
CLBM,f,A,2013,9,TF_SAWN,PRICE,Raw,3814
CLBM,f,A,2013,9,UPVC_32,PRICE,Raw,56
CLBM,f,A,2013,9,WALL_COLOR,PRICE,Raw,398
CLBM,f,A,2013,9,WALL_WHITE,PRICE,Raw,243
CLBM,f,A,2013,10,AGG,PRICE,Raw,58
CLBM,f,A,2013,10,BIT,PRICE,Raw,8690
CLBM,f,A,2013,10,CEMENT,PRICE,Raw,697
CLBM,f,A,2013,10,CONCRETE,PRICE,Raw,72
CLBM,f,A,2013,10,DIESEL_IND,PRICE,Raw,2103
CLBM,f,A,2013,10,DIESEL_RD,PRICE,Raw,1059
CLBM,f,A,2013,10,GLASS_SH,PRICE,Raw,151
CLBM,f,A,2013,10,GMS_ANGLE,PRICE,Raw,11823
CLBM,f,A,2013,10,GMS_FLAT,PRICE,Raw,10131
CLBM,f,A,2013,10,GMS_PLATE,PRICE,Raw,8783
CLBM,f,A,2013,10,HARDW_SAWN,PRICE,Raw,5502
CLBM,f,A,2013,10,HOMOF_200,PRICE,Raw,158
CLBM,f,A,2013,10,MF_SP,PRICE,Raw,5800
CLBM,f,A,2013,10,MOSAIC_18,PRICE,Raw,109
CLBM,f,A,2013,10,MOSAIC_25,PRICE,Raw,50
CLBM,f,A,2013,10,MOSAIC_45,PRICE,Raw,129
CLBM,f,A,2013,10,PAINT_ACRY,PRICE,Raw,49
CLBM,f,A,2013,10,PAINT_EMUL,PRICE,Raw,52
CLBM,f,A,2013,10,SAND,PRICE,Raw,119
CLBM,f,A,2013,10,SR_HIGH,PRICE,Raw,5117
CLBM,f,A,2013,10,SR_ROUND,PRICE,Raw,5900
CLBM,f,A,2013,10,TF_PLY,PRICE,Raw,75
CLBM,f,A,2013,10,TF_SAWN,PRICE,Raw,3814
CLBM,f,A,2013,10,UPVC_32,PRICE,Raw,56
CLBM,f,A,2013,10,WALL_COLOR,PRICE,Raw,398
CLBM,f,A,2013,10,WALL_WHITE,PRICE,Raw,243
CLBM,f,A,2013,11,AGG,PRICE,Raw,58
CLBM,f,A,2013,11,BIT,PRICE,Raw,8663
CLBM,f,A,2013,11,CEMENT,PRICE,Raw,697
CLBM,f,A,2013,11,CONCRETE,PRICE,Raw,72
CLBM,f,A,2013,11,DIESEL_IND,PRICE,Raw,2125
CLBM,f,A,2013,11,DIESEL_RD,PRICE,Raw,1056
CLBM,f,A,2013,11,GLASS_SH,PRICE,Raw,151
CLBM,f,A,2013,11,GMS_ANGLE,PRICE,Raw,11823
CLBM,f,A,2013,11,GMS_FLAT,PRICE,Raw,10131
CLBM,f,A,2013,11,GMS_PLATE,PRICE,Raw,9541
CLBM,f,A,2013,11,HARDW_SAWN,PRICE,Raw,5502
CLBM,f,A,2013,11,HOMOF_200,PRICE,Raw,158
CLBM,f,A,2013,11,MF_SP,PRICE,Raw,5787
CLBM,f,A,2013,11,MOSAIC_18,PRICE,Raw,109
CLBM,f,A,2013,11,MOSAIC_25,PRICE,Raw,50
CLBM,f,A,2013,11,MOSAIC_45,PRICE,Raw,129
CLBM,f,A,2013,11,PAINT_ACRY,PRICE,Raw,49
CLBM,f,A,2013,11,PAINT_EMUL,PRICE,Raw,52
CLBM,f,A,2013,11,SAND,PRICE,Raw,120
CLBM,f,A,2013,11,SR_HIGH,PRICE,Raw,5093
CLBM,f,A,2013,11,SR_ROUND,PRICE,Raw,5915
CLBM,f,A,2013,11,TF_PLY,PRICE,Raw,75
CLBM,f,A,2013,11,TF_SAWN,PRICE,Raw,3814
CLBM,f,A,2013,11,UPVC_32,PRICE,Raw,56
CLBM,f,A,2013,11,WALL_COLOR,PRICE,Raw,398
CLBM,f,A,2013,11,WALL_WHITE,PRICE,Raw,243
CLBM,f,A,2013,12,AGG,PRICE,Raw,60
CLBM,f,A,2013,12,BIT,PRICE,Raw,8610
CLBM,f,A,2013,12,CEMENT,PRICE,Raw,698
CLBM,f,A,2013,12,CONCRETE,PRICE,Raw,72
CLBM,f,A,2013,12,DIESEL_IND,PRICE,Raw,2140
CLBM,f,A,2013,12,DIESEL_RD,PRICE,Raw,1072
CLBM,f,A,2013,12,GLASS_SH,PRICE,Raw,151
CLBM,f,A,2013,12,GMS_ANGLE,PRICE,Raw,11806
CLBM,f,A,2013,12,GMS_FLAT,PRICE,Raw,10131
CLBM,f,A,2013,12,GMS_PLATE,PRICE,Raw,9541
CLBM,f,A,2013,12,HARDW_SAWN,PRICE,Raw,5519
CLBM,f,A,2013,12,HOMOF_200,PRICE,Raw,158
CLBM,f,A,2013,12,MF_SP,PRICE,Raw,5794
CLBM,f,A,2013,12,MOSAIC_18,PRICE,Raw,109
CLBM,f,A,2013,12,MOSAIC_25,PRICE,Raw,50
CLBM,f,A,2013,12,MOSAIC_45,PRICE,Raw,129
CLBM,f,A,2013,12,PAINT_ACRY,PRICE,Raw,49
CLBM,f,A,2013,12,PAINT_EMUL,PRICE,Raw,52
CLBM,f,A,2013,12,SAND,PRICE,Raw,120
CLBM,f,A,2013,12,SR_HIGH,PRICE,Raw,5118
CLBM,f,A,2013,12,SR_ROUND,PRICE,Raw,5945
CLBM,f,A,2013,12,TF_PLY,PRICE,Raw,75
CLBM,f,A,2013,12,TF_SAWN,PRICE,Raw,3814
CLBM,f,A,2013,12,UPVC_32,PRICE,Raw,56
CLBM,f,A,2013,12,WALL_COLOR,PRICE,Raw,398
CLBM,f,A,2013,12,WALL_WHITE,PRICE,Raw,243
CLBM,f,A,2014,1,AGG,PRICE,Raw,63
CLBM,f,A,2014,1,BIT,PRICE,Raw,8610
CLBM,f,A,2014,1,CEMENT,PRICE,Raw,713
CLBM,f,A,2014,1,CONCRETE,PRICE,Raw,76
CLBM,f,A,2014,1,DIESEL_IND,PRICE,Raw,2131
CLBM,f,A,2014,1,DIESEL_RD,PRICE,Raw,1065
CLBM,f,A,2014,1,GLASS_SH,PRICE,Raw,151
CLBM,f,A,2014,1,GMS_ANGLE,PRICE,Raw,12101
CLBM,f,A,2014,1,GMS_FLAT,PRICE,Raw,10158
CLBM,f,A,2014,1,GMS_PLATE,PRICE,Raw,9531
CLBM,f,A,2014,1,HARDW_SAWN,PRICE,Raw,5519
CLBM,f,A,2014,1,HOMOF_200,PRICE,Raw,158
CLBM,f,A,2014,1,MF_SP,PRICE,Raw,5753
CLBM,f,A,2014,1,MOSAIC_18,PRICE,Raw,109
CLBM,f,A,2014,1,MOSAIC_25,PRICE,Raw,50
CLBM,f,A,2014,1,MOSAIC_45,PRICE,Raw,130
CLBM,f,A,2014,1,PAINT_ACRY,PRICE,Raw,49
CLBM,f,A,2014,1,PAINT_EMUL,PRICE,Raw,52
CLBM,f,A,2014,1,SAND,PRICE,Raw,120
CLBM,f,A,2014,1,SR_HIGH,PRICE,Raw,5101
CLBM,f,A,2014,1,SR_ROUND,PRICE,Raw,5910
CLBM,f,A,2014,1,TF_PLY,PRICE,Raw,75
CLBM,f,A,2014,1,TF_SAWN,PRICE,Raw,3814
CLBM,f,A,2014,1,UPVC_32,PRICE,Raw,56
CLBM,f,A,2014,1,WALL_COLOR,PRICE,Raw,398
CLBM,f,A,2014,1,WALL_WHITE,PRICE,Raw,243
CLBM,f,A,2014,2,AGG,PRICE,Raw,62
CLBM,f,A,2014,2,BIT,PRICE,Raw,8530
CLBM,f,A,2014,2,CEMENT,PRICE,Raw,714
CLBM,f,A,2014,2,CONCRETE,PRICE,Raw,77
CLBM,f,A,2014,2,DIESEL_IND,PRICE,Raw,2126
CLBM,f,A,2014,2,DIESEL_RD,PRICE,Raw,1065
CLBM,f,A,2014,2,GLASS_SH,PRICE,Raw,151
CLBM,f,A,2014,2,GMS_ANGLE,PRICE,Raw,12051
CLBM,f,A,2014,2,GMS_FLAT,PRICE,Raw,10209
CLBM,f,A,2014,2,GMS_PLATE,PRICE,Raw,9511
CLBM,f,A,2014,2,HARDW_SAWN,PRICE,Raw,5519
CLBM,f,A,2014,2,HOMOF_200,PRICE,Raw,158
CLBM,f,A,2014,2,MF_SP,PRICE,Raw,5742
CLBM,f,A,2014,2,MOSAIC_18,PRICE,Raw,114
CLBM,f,A,2014,2,MOSAIC_25,PRICE,Raw,50
CLBM,f,A,2014,2,MOSAIC_45,PRICE,Raw,130
CLBM,f,A,2014,2,PAINT_ACRY,PRICE,Raw,49
CLBM,f,A,2014,2,PAINT_EMUL,PRICE,Raw,52
CLBM,f,A,2014,2,SAND,PRICE,Raw,120
CLBM,f,A,2014,2,SR_HIGH,PRICE,Raw,5083
CLBM,f,A,2014,2,SR_ROUND,PRICE,Raw,5870
CLBM,f,A,2014,2,TF_PLY,PRICE,Raw,75
CLBM,f,A,2014,2,TF_SAWN,PRICE,Raw,3814
CLBM,f,A,2014,2,UPVC_32,PRICE,Raw,55
CLBM,f,A,2014,2,WALL_COLOR,PRICE,Raw,398
CLBM,f,A,2014,2,WALL_WHITE,PRICE,Raw,243
CLBM,f,A,2014,3,AGG,PRICE,Raw,62
CLBM,f,A,2014,3,BIT,PRICE,Raw,8503
CLBM,f,A,2014,3,CEMENT,PRICE,Raw,714
CLBM,f,A,2014,3,CONCRETE,PRICE,Raw,77
CLBM,f,A,2014,3,DIESEL_IND,PRICE,Raw,2130
CLBM,f,A,2014,3,DIESEL_RD,PRICE,Raw,1075
CLBM,f,A,2014,3,GLASS_SH,PRICE,Raw,151
CLBM,f,A,2014,3,GMS_ANGLE,PRICE,Raw,12017
CLBM,f,A,2014,3,GMS_FLAT,PRICE,Raw,10192
CLBM,f,A,2014,3,GMS_PLATE,PRICE,Raw,9511
CLBM,f,A,2014,3,HARDW_SAWN,PRICE,Raw,5519
CLBM,f,A,2014,3,HOMOF_200,PRICE,Raw,159
CLBM,f,A,2014,3,MF_SP,PRICE,Raw,5705
CLBM,f,A,2014,3,MOSAIC_18,PRICE,Raw,114
CLBM,f,A,2014,3,MOSAIC_25,PRICE,Raw,50
CLBM,f,A,2014,3,MOSAIC_45,PRICE,Raw,130
CLBM,f,A,2014,3,PAINT_ACRY,PRICE,Raw,49
CLBM,f,A,2014,3,PAINT_EMUL,PRICE,Raw,52
CLBM,f,A,2014,3,SAND,PRICE,Raw,120
CLBM,f,A,2014,3,SR_HIGH,PRICE,Raw,5056
CLBM,f,A,2014,3,SR_ROUND,PRICE,Raw,5895
CLBM,f,A,2014,3,TF_PLY,PRICE,Raw,75
CLBM,f,A,2014,3,TF_SAWN,PRICE,Raw,3814
CLBM,f,A,2014,3,UPVC_32,PRICE,Raw,54
CLBM,f,A,2014,3,WALL_COLOR,PRICE,Raw,398
CLBM,f,A,2014,3,WALL_WHITE,PRICE,Raw,243
CLBM,f,A,2014,4,AGG,PRICE,Raw,63
CLBM,f,A,2014,4,BIT,PRICE,Raw,8450
CLBM,f,A,2014,4,CEMENT,PRICE,Raw,714
CLBM,f,A,2014,4,CONCRETE,PRICE,Raw,77
CLBM,f,A,2014,4,DIESEL_IND,PRICE,Raw,2125
CLBM,f,A,2014,4,DIESEL_RD,PRICE,Raw,1077
CLBM,f,A,2014,4,GLASS_SH,PRICE,Raw,151
CLBM,f,A,2014,4,GMS_ANGLE,PRICE,Raw,11967
CLBM,f,A,2014,4,GMS_FLAT,PRICE,Raw,10169
CLBM,f,A,2014,4,GMS_PLATE,PRICE,Raw,9511
CLBM,f,A,2014,4,HARDW_SAWN,PRICE,Raw,5519
CLBM,f,A,2014,4,HOMOF_200,PRICE,Raw,159
CLBM,f,A,2014,4,MF_SP,PRICE,Raw,5614
CLBM,f,A,2014,4,MOSAIC_18,PRICE,Raw,114
CLBM,f,A,2014,4,MOSAIC_25,PRICE,Raw,50
CLBM,f,A,2014,4,MOSAIC_45,PRICE,Raw,130
CLBM,f,A,2014,4,PAINT_ACRY,PRICE,Raw,49
CLBM,f,A,2014,4,PAINT_EMUL,PRICE,Raw,52
CLBM,f,A,2014,4,SAND,PRICE,Raw,120
CLBM,f,A,2014,4,SR_HIGH,PRICE,Raw,5022
CLBM,f,A,2014,4,SR_ROUND,PRICE,Raw,5765
CLBM,f,A,2014,4,TF_PLY,PRICE,Raw,74
CLBM,f,A,2014,4,TF_SAWN,PRICE,Raw,3814
CLBM,f,A,2014,4,UPVC_32,PRICE,Raw,55
CLBM,f,A,2014,4,WALL_COLOR,PRICE,Raw,398
CLBM,f,A,2014,4,WALL_WHITE,PRICE,Raw,233
CLBM,f,A,2014,5,AGG,PRICE,Raw,62
CLBM,f,A,2014,5,BIT,PRICE,Raw,8433
CLBM,f,A,2014,5,CEMENT,PRICE,Raw,714
CLBM,f,A,2014,5,CONCRETE,PRICE,Raw,77
CLBM,f,A,2014,5,DIESEL_IND,PRICE,Raw,2141
CLBM,f,A,2014,5,DIESEL_RD,PRICE,Raw,1082
CLBM,f,A,2014,5,GLASS_SH,PRICE,Raw,151
CLBM,f,A,2014,5,GMS_ANGLE,PRICE,Raw,11967
CLBM,f,A,2014,5,GMS_FLAT,PRICE,Raw,10141
CLBM,f,A,2014,5,GMS_PLATE,PRICE,Raw,9511
CLBM,f,A,2014,5,HARDW_SAWN,PRICE,Raw,5529
CLBM,f,A,2014,5,HOMOF_200,PRICE,Raw,161
CLBM,f,A,2014,5,MF_SP,PRICE,Raw,5614
CLBM,f,A,2014,5,MOSAIC_18,PRICE,Raw,114
CLBM,f,A,2014,5,MOSAIC_25,PRICE,Raw,50
CLBM,f,A,2014,5,MOSAIC_45,PRICE,Raw,130
CLBM,f,A,2014,5,PAINT_ACRY,PRICE,Raw,49
CLBM,f,A,2014,5,PAINT_EMUL,PRICE,Raw,52
CLBM,f,A,2014,5,SAND,PRICE,Raw,120
CLBM,f,A,2014,5,SR_HIGH,PRICE,Raw,4929
CLBM,f,A,2014,5,SR_ROUND,PRICE,Raw,5750
CLBM,f,A,2014,5,TF_PLY,PRICE,Raw,74
CLBM,f,A,2014,5,TF_SAWN,PRICE,Raw,3814
CLBM,f,A,2014,5,UPVC_32,PRICE,Raw,55
CLBM,f,A,2014,5,WALL_COLOR,PRICE,Raw,398
CLBM,f,A,2014,5,WALL_WHITE,PRICE,Raw,233
CLBM,f,A,2014,6,AGG,PRICE,Raw,64
CLBM,f,A,2014,6,BIT,PRICE,Raw,8400
CLBM,f,A,2014,6,CEMENT,PRICE,Raw,714
CLBM,f,A,2014,6,CONCRETE,PRICE,Raw,77
CLBM,f,A,2014,6,DIESEL_IND,PRICE,Raw,2129
CLBM,f,A,2014,6,DIESEL_RD,PRICE,Raw,1085
CLBM,f,A,2014,6,GLASS_SH,PRICE,Raw,151
CLBM,f,A,2014,6,GMS_ANGLE,PRICE,Raw,11951
CLBM,f,A,2014,6,GMS_FLAT,PRICE,Raw,10219
CLBM,f,A,2014,6,GMS_PLATE,PRICE,Raw,9511
CLBM,f,A,2014,6,HARDW_SAWN,PRICE,Raw,5707
CLBM,f,A,2014,6,HOMOF_200,PRICE,Raw,161
CLBM,f,A,2014,6,MF_SP,PRICE,Raw,5614
CLBM,f,A,2014,6,MOSAIC_18,PRICE,Raw,114
CLBM,f,A,2014,6,MOSAIC_25,PRICE,Raw,50
CLBM,f,A,2014,6,MOSAIC_45,PRICE,Raw,132
CLBM,f,A,2014,6,PAINT_ACRY,PRICE,Raw,49
CLBM,f,A,2014,6,PAINT_EMUL,PRICE,Raw,52
CLBM,f,A,2014,6,SAND,PRICE,Raw,118
CLBM,f,A,2014,6,SR_HIGH,PRICE,Raw,4831
CLBM,f,A,2014,6,SR_ROUND,PRICE,Raw,5680
CLBM,f,A,2014,6,TF_PLY,PRICE,Raw,75
CLBM,f,A,2014,6,TF_SAWN,PRICE,Raw,3814
CLBM,f,A,2014,6,UPVC_32,PRICE,Raw,57
CLBM,f,A,2014,6,WALL_COLOR,PRICE,Raw,401
CLBM,f,A,2014,6,WALL_WHITE,PRICE,Raw,233
CLBM,f,A,2014,7,AGG,PRICE,Raw,64
CLBM,f,A,2014,7,BIT,PRICE,Raw,8400
CLBM,f,A,2014,7,CEMENT,PRICE,Raw,725
CLBM,f,A,2014,7,CONCRETE,PRICE,Raw,77
CLBM,f,A,2014,7,DIESEL_IND,PRICE,Raw,2123
CLBM,f,A,2014,7,DIESEL_RD,PRICE,Raw,1093
CLBM,f,A,2014,7,GLASS_SH,PRICE,Raw,151
CLBM,f,A,2014,7,GMS_ANGLE,PRICE,Raw,11951
CLBM,f,A,2014,7,GMS_FLAT,PRICE,Raw,10219
CLBM,f,A,2014,7,GMS_PLATE,PRICE,Raw,9511
CLBM,f,A,2014,7,HARDW_SAWN,PRICE,Raw,5707
CLBM,f,A,2014,7,HOMOF_200,PRICE,Raw,162
CLBM,f,A,2014,7,MF_SP,PRICE,Raw,5614
CLBM,f,A,2014,7,MOSAIC_18,PRICE,Raw,114
CLBM,f,A,2014,7,MOSAIC_25,PRICE,Raw,50
CLBM,f,A,2014,7,MOSAIC_45,PRICE,Raw,132
CLBM,f,A,2014,7,PAINT_ACRY,PRICE,Raw,49
CLBM,f,A,2014,7,PAINT_EMUL,PRICE,Raw,52
CLBM,f,A,2014,7,SAND,PRICE,Raw,118
CLBM,f,A,2014,7,SR_HIGH,PRICE,Raw,4781
CLBM,f,A,2014,7,SR_ROUND,PRICE,Raw,5645
CLBM,f,A,2014,7,TF_PLY,PRICE,Raw,75
CLBM,f,A,2014,7,TF_SAWN,PRICE,Raw,3814
CLBM,f,A,2014,7,UPVC_32,PRICE,Raw,57
CLBM,f,A,2014,7,WALL_COLOR,PRICE,Raw,401
CLBM,f,A,2014,7,WALL_WHITE,PRICE,Raw,233
CLBM,f,A,2014,8,AGG,PRICE,Raw,70
CLBM,f,A,2014,8,BIT,PRICE,Raw,8400
CLBM,f,A,2014,8,CEMENT,PRICE,Raw,727
CLBM,f,A,2014,8,CONCRETE,PRICE,Raw,77
CLBM,f,A,2014,8,DIESEL_IND,PRICE,Raw,2116
CLBM,f,A,2014,8,DIESEL_RD,PRICE,Raw,1086
CLBM,f,A,2014,8,GLASS_SH,PRICE,Raw,156
CLBM,f,A,2014,8,GMS_ANGLE,PRICE,Raw,11951
CLBM,f,A,2014,8,GMS_FLAT,PRICE,Raw,10311
CLBM,f,A,2014,8,GMS_PLATE,PRICE,Raw,9516
CLBM,f,A,2014,8,HARDW_SAWN,PRICE,Raw,5707
CLBM,f,A,2014,8,HOMOF_200,PRICE,Raw,160
CLBM,f,A,2014,8,MF_SP,PRICE,Raw,5614
CLBM,f,A,2014,8,MOSAIC_18,PRICE,Raw,114
CLBM,f,A,2014,8,MOSAIC_25,PRICE,Raw,50
CLBM,f,A,2014,8,MOSAIC_45,PRICE,Raw,132
CLBM,f,A,2014,8,PAINT_ACRY,PRICE,Raw,49
CLBM,f,A,2014,8,PAINT_EMUL,PRICE,Raw,52
CLBM,f,A,2014,8,SAND,PRICE,Raw,118
CLBM,f,A,2014,8,SR_HIGH,PRICE,Raw,4688
CLBM,f,A,2014,8,SR_ROUND,PRICE,Raw,5605
CLBM,f,A,2014,8,TF_PLY,PRICE,Raw,75
CLBM,f,A,2014,8,TF_SAWN,PRICE,Raw,3814
CLBM,f,A,2014,8,UPVC_32,PRICE,Raw,56
CLBM,f,A,2014,8,WALL_COLOR,PRICE,Raw,401
CLBM,f,A,2014,8,WALL_WHITE,PRICE,Raw,233
CLBM,f,A,2014,9,AGG,PRICE,Raw,75
CLBM,f,A,2014,9,BIT,PRICE,Raw,8350
CLBM,f,A,2014,9,CEMENT,PRICE,Raw,727
CLBM,f,A,2014,9,CONCRETE,PRICE,Raw,77
CLBM,f,A,2014,9,DIESEL_IND,PRICE,Raw,2099
CLBM,f,A,2014,9,DIESEL_RD,PRICE,Raw,1072
CLBM,f,A,2014,9,GLASS_SH,PRICE,Raw,157
CLBM,f,A,2014,9,GMS_ANGLE,PRICE,Raw,11967
CLBM,f,A,2014,9,GMS_FLAT,PRICE,Raw,10540
CLBM,f,A,2014,9,GMS_PLATE,PRICE,Raw,9531
CLBM,f,A,2014,9,HARDW_SAWN,PRICE,Raw,5707
CLBM,f,A,2014,9,HOMOF_200,PRICE,Raw,160
CLBM,f,A,2014,9,MF_SP,PRICE,Raw,5728
CLBM,f,A,2014,9,MOSAIC_18,PRICE,Raw,114
CLBM,f,A,2014,9,MOSAIC_25,PRICE,Raw,50
CLBM,f,A,2014,9,MOSAIC_45,PRICE,Raw,132
CLBM,f,A,2014,9,PAINT_ACRY,PRICE,Raw,49
CLBM,f,A,2014,9,PAINT_EMUL,PRICE,Raw,52
CLBM,f,A,2014,9,SAND,PRICE,Raw,118
CLBM,f,A,2014,9,SR_HIGH,PRICE,Raw,4573
CLBM,f,A,2014,9,SR_ROUND,PRICE,Raw,5585
CLBM,f,A,2014,9,TF_PLY,PRICE,Raw,75
CLBM,f,A,2014,9,TF_SAWN,PRICE,Raw,3814
CLBM,f,A,2014,9,UPVC_32,PRICE,Raw,56
CLBM,f,A,2014,9,WALL_COLOR,PRICE,Raw,401
CLBM,f,A,2014,9,WALL_WHITE,PRICE,Raw,233
CLBM,f,A,2014,10,AGG,PRICE,Raw,75
CLBM,f,A,2014,10,BIT,PRICE,Raw,8350
CLBM,f,A,2014,10,CEMENT,PRICE,Raw,727
CLBM,f,A,2014,10,CONCRETE,PRICE,Raw,77
CLBM,f,A,2014,10,DIESEL_IND,PRICE,Raw,2054
CLBM,f,A,2014,10,DIESEL_RD,PRICE,Raw,1044
CLBM,f,A,2014,10,GLASS_SH,PRICE,Raw,157
CLBM,f,A,2014,10,GMS_ANGLE,PRICE,Raw,11951
CLBM,f,A,2014,10,GMS_FLAT,PRICE,Raw,10402
CLBM,f,A,2014,10,GMS_PLATE,PRICE,Raw,9511
CLBM,f,A,2014,10,HARDW_SAWN,PRICE,Raw,5707
CLBM,f,A,2014,10,HOMOF_200,PRICE,Raw,160
CLBM,f,A,2014,10,MF_SP,PRICE,Raw,5708
CLBM,f,A,2014,10,MOSAIC_18,PRICE,Raw,114
CLBM,f,A,2014,10,MOSAIC_25,PRICE,Raw,50
CLBM,f,A,2014,10,MOSAIC_45,PRICE,Raw,132
CLBM,f,A,2014,10,PAINT_ACRY,PRICE,Raw,49
CLBM,f,A,2014,10,PAINT_EMUL,PRICE,Raw,52
CLBM,f,A,2014,10,SAND,PRICE,Raw,118
CLBM,f,A,2014,10,SR_HIGH,PRICE,Raw,4462
CLBM,f,A,2014,10,SR_ROUND,PRICE,Raw,5490
CLBM,f,A,2014,10,TF_PLY,PRICE,Raw,75
CLBM,f,A,2014,10,TF_SAWN,PRICE,Raw,3814
CLBM,f,A,2014,10,UPVC_32,PRICE,Raw,56
CLBM,f,A,2014,10,WALL_COLOR,PRICE,Raw,401
CLBM,f,A,2014,10,WALL_WHITE,PRICE,Raw,233
CLBM,f,A,2014,11,AGG,PRICE,Raw,75
CLBM,f,A,2014,11,BIT,PRICE,Raw,8350
CLBM,f,A,2014,11,CEMENT,PRICE,Raw,727
CLBM,f,A,2014,11,CONCRETE,PRICE,Raw,77
CLBM,f,A,2014,11,DIESEL_IND,PRICE,Raw,1995
CLBM,f,A,2014,11,DIESEL_RD,PRICE,Raw,1008
CLBM,f,A,2014,11,GLASS_SH,PRICE,Raw,157
CLBM,f,A,2014,11,GMS_ANGLE,PRICE,Raw,11984
CLBM,f,A,2014,11,GMS_FLAT,PRICE,Raw,10319
CLBM,f,A,2014,11,GMS_PLATE,PRICE,Raw,9589
CLBM,f,A,2014,11,HARDW_SAWN,PRICE,Raw,5707
CLBM,f,A,2014,11,HOMOF_200,PRICE,Raw,160
CLBM,f,A,2014,11,MF_SP,PRICE,Raw,5731
CLBM,f,A,2014,11,MOSAIC_18,PRICE,Raw,119
CLBM,f,A,2014,11,MOSAIC_25,PRICE,Raw,50
CLBM,f,A,2014,11,MOSAIC_45,PRICE,Raw,132
CLBM,f,A,2014,11,PAINT_ACRY,PRICE,Raw,49
CLBM,f,A,2014,11,PAINT_EMUL,PRICE,Raw,52
CLBM,f,A,2014,11,SAND,PRICE,Raw,118
CLBM,f,A,2014,11,SR_HIGH,PRICE,Raw,4427
CLBM,f,A,2014,11,SR_ROUND,PRICE,Raw,5490
CLBM,f,A,2014,11,TF_PLY,PRICE,Raw,75
CLBM,f,A,2014,11,TF_SAWN,PRICE,Raw,3814
CLBM,f,A,2014,11,UPVC_32,PRICE,Raw,56
CLBM,f,A,2014,11,WALL_COLOR,PRICE,Raw,401
CLBM,f,A,2014,11,WALL_WHITE,PRICE,Raw,233
CLBM,f,A,2014,12,AGG,PRICE,Raw,75
CLBM,f,A,2014,12,BIT,PRICE,Raw,8250
CLBM,f,A,2014,12,CEMENT,PRICE,Raw,729
CLBM,f,A,2014,12,CONCRETE,PRICE,Raw,77
CLBM,f,A,2014,12,DIESEL_IND,PRICE,Raw,1957
CLBM,f,A,2014,12,DIESEL_RD,PRICE,Raw,941
CLBM,f,A,2014,12,GLASS_SH,PRICE,Raw,157
CLBM,f,A,2014,12,GMS_ANGLE,PRICE,Raw,11967
CLBM,f,A,2014,12,GMS_FLAT,PRICE,Raw,10319
CLBM,f,A,2014,12,GMS_PLATE,PRICE,Raw,9577
CLBM,f,A,2014,12,HARDW_SAWN,PRICE,Raw,5707
CLBM,f,A,2014,12,HOMOF_200,PRICE,Raw,160
CLBM,f,A,2014,12,MF_SP,PRICE,Raw,5683
CLBM,f,A,2014,12,MOSAIC_18,PRICE,Raw,119
CLBM,f,A,2014,12,MOSAIC_25,PRICE,Raw,50
CLBM,f,A,2014,12,MOSAIC_45,PRICE,Raw,132
CLBM,f,A,2014,12,PAINT_ACRY,PRICE,Raw,49
CLBM,f,A,2014,12,PAINT_EMUL,PRICE,Raw,52
CLBM,f,A,2014,12,SAND,PRICE,Raw,119
CLBM,f,A,2014,12,SR_HIGH,PRICE,Raw,4349
CLBM,f,A,2014,12,SR_ROUND,PRICE,Raw,5470
CLBM,f,A,2014,12,TF_PLY,PRICE,Raw,75
CLBM,f,A,2014,12,TF_SAWN,PRICE,Raw,3814
CLBM,f,A,2014,12,UPVC_32,PRICE,Raw,55
CLBM,f,A,2014,12,WALL_COLOR,PRICE,Raw,401
CLBM,f,A,2014,12,WALL_WHITE,PRICE,Raw,233
CLBM,f,A,2015,1,AGG,PRICE,Raw,77
CLBM,f,A,2015,1,BIT,PRICE,Raw,8200
CLBM,f,A,2015,1,CEMENT,PRICE,Raw,736
CLBM,f,A,2015,1,CONCRETE,PRICE,Raw,77
CLBM,f,A,2015,1,DIESEL_IND,PRICE,Raw,1878
CLBM,f,A,2015,1,DIESEL_RD,PRICE,Raw,883
CLBM,f,A,2015,1,GLASS_SH,PRICE,Raw,157
CLBM,f,A,2015,1,GMS_ANGLE,PRICE,Raw,11967
CLBM,f,A,2015,1,GMS_FLAT,PRICE,Raw,10319
CLBM,f,A,2015,1,GMS_PLATE,PRICE,Raw,9570
CLBM,f,A,2015,1,HARDW_SAWN,PRICE,Raw,5707
CLBM,f,A,2015,1,HOMOF_200,PRICE,Raw,160
CLBM,f,A,2015,1,MF_SP,PRICE,Raw,5680
CLBM,f,A,2015,1,MOSAIC_18,PRICE,Raw,119
CLBM,f,A,2015,1,MOSAIC_25,PRICE,Raw,50
CLBM,f,A,2015,1,MOSAIC_45,PRICE,Raw,132
CLBM,f,A,2015,1,PAINT_ACRY,PRICE,Raw,49
CLBM,f,A,2015,1,PAINT_EMUL,PRICE,Raw,52
CLBM,f,A,2015,1,SAND,PRICE,Raw,120
CLBM,f,A,2015,1,SR_HIGH,PRICE,Raw,4208
CLBM,f,A,2015,1,SR_ROUND,PRICE,Raw,5438
CLBM,f,A,2015,1,TF_PLY,PRICE,Raw,75
CLBM,f,A,2015,1,TF_SAWN,PRICE,Raw,3814
CLBM,f,A,2015,1,UPVC_32,PRICE,Raw,54
CLBM,f,A,2015,1,WALL_COLOR,PRICE,Raw,407
CLBM,f,A,2015,1,WALL_WHITE,PRICE,Raw,233
CLBM,f,A,2015,2,AGG,PRICE,Raw,79
CLBM,f,A,2015,2,BIT,PRICE,Raw,7950
CLBM,f,A,2015,2,CEMENT,PRICE,Raw,739
CLBM,f,A,2015,2,CONCRETE,PRICE,Raw,78
CLBM,f,A,2015,2,DIESEL_IND,PRICE,Raw,1833
CLBM,f,A,2015,2,DIESEL_RD,PRICE,Raw,872
CLBM,f,A,2015,2,GLASS_SH,PRICE,Raw,157
CLBM,f,A,2015,2,GMS_ANGLE,PRICE,Raw,11956
CLBM,f,A,2015,2,GMS_FLAT,PRICE,Raw,10319
CLBM,f,A,2015,2,GMS_PLATE,PRICE,Raw,9564
CLBM,f,A,2015,2,HARDW_SAWN,PRICE,Raw,5707
CLBM,f,A,2015,2,HOMOF_200,PRICE,Raw,160
CLBM,f,A,2015,2,MF_SP,PRICE,Raw,5533
CLBM,f,A,2015,2,MOSAIC_18,PRICE,Raw,119
CLBM,f,A,2015,2,MOSAIC_25,PRICE,Raw,50
CLBM,f,A,2015,2,MOSAIC_45,PRICE,Raw,132
CLBM,f,A,2015,2,PAINT_ACRY,PRICE,Raw,49
CLBM,f,A,2015,2,PAINT_EMUL,PRICE,Raw,52
CLBM,f,A,2015,2,SAND,PRICE,Raw,129
CLBM,f,A,2015,2,SR_HIGH,PRICE,Raw,4073
CLBM,f,A,2015,2,SR_ROUND,PRICE,Raw,5360
CLBM,f,A,2015,2,TF_PLY,PRICE,Raw,75
CLBM,f,A,2015,2,TF_SAWN,PRICE,Raw,3814
CLBM,f,A,2015,2,UPVC_32,PRICE,Raw,54
CLBM,f,A,2015,2,WALL_COLOR,PRICE,Raw,407
CLBM,f,A,2015,2,WALL_WHITE,PRICE,Raw,233
CLBM,f,A,2015,3,AGG,PRICE,Raw,74
CLBM,f,A,2015,3,BIT,PRICE,Raw,7900
CLBM,f,A,2015,3,CEMENT,PRICE,Raw,738
CLBM,f,A,2015,3,CONCRETE,PRICE,Raw,80
CLBM,f,A,2015,3,DIESEL_IND,PRICE,Raw,1853
CLBM,f,A,2015,3,DIESEL_RD,PRICE,Raw,902
CLBM,f,A,2015,3,GLASS_SH,PRICE,Raw,157
CLBM,f,A,2015,3,GMS_ANGLE,PRICE,Raw,11917
CLBM,f,A,2015,3,GMS_FLAT,PRICE,Raw,10305
CLBM,f,A,2015,3,GMS_PLATE,PRICE,Raw,9533
CLBM,f,A,2015,3,HARDW_SAWN,PRICE,Raw,5707
CLBM,f,A,2015,3,HOMOF_200,PRICE,Raw,160
CLBM,f,A,2015,3,MF_SP,PRICE,Raw,5438
CLBM,f,A,2015,3,MOSAIC_18,PRICE,Raw,119
CLBM,f,A,2015,3,MOSAIC_25,PRICE,Raw,50
CLBM,f,A,2015,3,MOSAIC_45,PRICE,Raw,132
CLBM,f,A,2015,3,PAINT_ACRY,PRICE,Raw,49
CLBM,f,A,2015,3,PAINT_EMUL,PRICE,Raw,53
CLBM,f,A,2015,3,SAND,PRICE,Raw,145
CLBM,f,A,2015,3,SR_HIGH,PRICE,Raw,3970
CLBM,f,A,2015,3,SR_ROUND,PRICE,Raw,5291
CLBM,f,A,2015,3,TF_PLY,PRICE,Raw,75
CLBM,f,A,2015,3,TF_SAWN,PRICE,Raw,3814
CLBM,f,A,2015,3,UPVC_32,PRICE,Raw,54
CLBM,f,A,2015,3,WALL_COLOR,PRICE,Raw,422
CLBM,f,A,2015,3,WALL_WHITE,PRICE,Raw,233
CLBM,f,A,2015,4,AGG,PRICE,Raw,79
CLBM,f,A,2015,4,BIT,PRICE,Raw,7900
CLBM,f,A,2015,4,CEMENT,PRICE,Raw,742
CLBM,f,A,2015,4,CONCRETE,PRICE,Raw,81
CLBM,f,A,2015,4,DIESEL_IND,PRICE,Raw,1878
CLBM,f,A,2015,4,DIESEL_RD,PRICE,Raw,899
CLBM,f,A,2015,4,GLASS_SH,PRICE,Raw,157
CLBM,f,A,2015,4,GMS_ANGLE,PRICE,Raw,11909
CLBM,f,A,2015,4,GMS_FLAT,PRICE,Raw,10177
CLBM,f,A,2015,4,GMS_PLATE,PRICE,Raw,9527
CLBM,f,A,2015,4,HARDW_SAWN,PRICE,Raw,5707
CLBM,f,A,2015,4,HOMOF_200,PRICE,Raw,160
CLBM,f,A,2015,4,MF_SP,PRICE,Raw,5333
CLBM,f,A,2015,4,MOSAIC_18,PRICE,Raw,119
CLBM,f,A,2015,4,MOSAIC_25,PRICE,Raw,50
CLBM,f,A,2015,4,MOSAIC_45,PRICE,Raw,132
CLBM,f,A,2015,4,PAINT_ACRY,PRICE,Raw,49
CLBM,f,A,2015,4,PAINT_EMUL,PRICE,Raw,53
CLBM,f,A,2015,4,SAND,PRICE,Raw,145
CLBM,f,A,2015,4,SR_HIGH,PRICE,Raw,3930
CLBM,f,A,2015,4,SR_ROUND,PRICE,Raw,5270
CLBM,f,A,2015,4,TF_PLY,PRICE,Raw,75
CLBM,f,A,2015,4,TF_SAWN,PRICE,Raw,3814
CLBM,f,A,2015,4,UPVC_32,PRICE,Raw,54
CLBM,f,A,2015,4,WALL_COLOR,PRICE,Raw,443
CLBM,f,A,2015,4,WALL_WHITE,PRICE,Raw,233
CLBM,f,A,2015,5,AGG,PRICE,Raw,83
CLBM,f,A,2015,5,BIT,PRICE,Raw,7900
CLBM,f,A,2015,5,CEMENT,PRICE,Raw,742
CLBM,f,A,2015,5,CONCRETE,PRICE,Raw,81
CLBM,f,A,2015,5,DIESEL_IND,PRICE,Raw,1936
CLBM,f,A,2015,5,DIESEL_RD,PRICE,Raw,937
CLBM,f,A,2015,5,GLASS_SH,PRICE,Raw,157
CLBM,f,A,2015,5,GMS_ANGLE,PRICE,Raw,11837
CLBM,f,A,2015,5,GMS_FLAT,PRICE,Raw,10063
CLBM,f,A,2015,5,GMS_PLATE,PRICE,Raw,9514
CLBM,f,A,2015,5,HARDW_SAWN,PRICE,Raw,5707
CLBM,f,A,2015,5,HOMOF_200,PRICE,Raw,160
CLBM,f,A,2015,5,MF_SP,PRICE,Raw,5184
CLBM,f,A,2015,5,MOSAIC_18,PRICE,Raw,119
CLBM,f,A,2015,5,MOSAIC_25,PRICE,Raw,50
CLBM,f,A,2015,5,MOSAIC_45,PRICE,Raw,132
CLBM,f,A,2015,5,PAINT_ACRY,PRICE,Raw,50
CLBM,f,A,2015,5,PAINT_EMUL,PRICE,Raw,53
CLBM,f,A,2015,5,SAND,PRICE,Raw,148
CLBM,f,A,2015,5,SR_HIGH,PRICE,Raw,3900
CLBM,f,A,2015,5,SR_ROUND,PRICE,Raw,5285
CLBM,f,A,2015,5,TF_PLY,PRICE,Raw,75
CLBM,f,A,2015,5,TF_SAWN,PRICE,Raw,3814
CLBM,f,A,2015,5,UPVC_32,PRICE,Raw,54
CLBM,f,A,2015,5,WALL_COLOR,PRICE,Raw,443
CLBM,f,A,2015,5,WALL_WHITE,PRICE,Raw,233
CLBM,f,A,2015,6,AGG,PRICE,Raw,84
CLBM,f,A,2015,6,BIT,PRICE,Raw,8000
CLBM,f,A,2015,6,CEMENT,PRICE,Raw,740
CLBM,f,A,2015,6,CONCRETE,PRICE,Raw,81
CLBM,f,A,2015,6,DIESEL_IND,PRICE,Raw,1940
CLBM,f,A,2015,6,DIESEL_RD,PRICE,Raw,937
CLBM,f,A,2015,6,GLASS_SH,PRICE,Raw,157
CLBM,f,A,2015,6,GMS_ANGLE,PRICE,Raw,11817
CLBM,f,A,2015,6,GMS_FLAT,PRICE,Raw,10134
CLBM,f,A,2015,6,GMS_PLATE,PRICE,Raw,9483
CLBM,f,A,2015,6,HARDW_SAWN,PRICE,Raw,5707
CLBM,f,A,2015,6,HOMOF_200,PRICE,Raw,160
CLBM,f,A,2015,6,MF_SP,PRICE,Raw,5170
CLBM,f,A,2015,6,MOSAIC_18,PRICE,Raw,119
CLBM,f,A,2015,6,MOSAIC_25,PRICE,Raw,50
CLBM,f,A,2015,6,MOSAIC_45,PRICE,Raw,132
CLBM,f,A,2015,6,PAINT_ACRY,PRICE,Raw,50
CLBM,f,A,2015,6,PAINT_EMUL,PRICE,Raw,53
CLBM,f,A,2015,6,SAND,PRICE,Raw,146
CLBM,f,A,2015,6,SR_HIGH,PRICE,Raw,3792
CLBM,f,A,2015,6,SR_ROUND,PRICE,Raw,5270
CLBM,f,A,2015,6,TF_PLY,PRICE,Raw,75
CLBM,f,A,2015,6,TF_SAWN,PRICE,Raw,3814
CLBM,f,A,2015,6,UPVC_32,PRICE,Raw,54
CLBM,f,A,2015,6,WALL_COLOR,PRICE,Raw,443
CLBM,f,A,2015,6,WALL_WHITE,PRICE,Raw,233
CLBM,f,A,2015,7,AGG,PRICE,Raw,83
CLBM,f,A,2015,7,BIT,PRICE,Raw,8000
CLBM,f,A,2015,7,CEMENT,PRICE,Raw,739
CLBM,f,A,2015,7,CONCRETE,PRICE,Raw,81
CLBM,f,A,2015,7,DIESEL_IND,PRICE,Raw,1923
CLBM,f,A,2015,7,DIESEL_RD,PRICE,Raw,910
CLBM,f,A,2015,7,GLASS_SH,PRICE,Raw,157
CLBM,f,A,2015,7,GMS_ANGLE,PRICE,Raw,11801
CLBM,f,A,2015,7,GMS_FLAT,PRICE,Raw,10134
CLBM,f,A,2015,7,GMS_PLATE,PRICE,Raw,9483
CLBM,f,A,2015,7,HARDW_SAWN,PRICE,Raw,5707
CLBM,f,A,2015,7,HOMOF_200,PRICE,Raw,160
CLBM,f,A,2015,7,MF_SP,PRICE,Raw,5102
CLBM,f,A,2015,7,MOSAIC_18,PRICE,Raw,119
CLBM,f,A,2015,7,MOSAIC_25,PRICE,Raw,50
CLBM,f,A,2015,7,MOSAIC_45,PRICE,Raw,132
CLBM,f,A,2015,7,PAINT_ACRY,PRICE,Raw,50
CLBM,f,A,2015,7,PAINT_EMUL,PRICE,Raw,53
CLBM,f,A,2015,7,SAND,PRICE,Raw,140
CLBM,f,A,2015,7,SR_HIGH,PRICE,Raw,3713
CLBM,f,A,2015,7,SR_ROUND,PRICE,Raw,5215
CLBM,f,A,2015,7,TF_PLY,PRICE,Raw,75
CLBM,f,A,2015,7,TF_SAWN,PRICE,Raw,3814
CLBM,f,A,2015,7,UPVC_32,PRICE,Raw,53
CLBM,f,A,2015,7,WALL_COLOR,PRICE,Raw,443
CLBM,f,A,2015,7,WALL_WHITE,PRICE,Raw,233
CLBM,f,A,2015,8,AGG,PRICE,Raw,81
CLBM,f,A,2015,8,BIT,PRICE,Raw,7917
CLBM,f,A,2015,8,CEMENT,PRICE,Raw,739
CLBM,f,A,2015,8,CONCRETE,PRICE,Raw,79
CLBM,f,A,2015,8,DIESEL_IND,PRICE,Raw,1876
CLBM,f,A,2015,8,DIESEL_RD,PRICE,Raw,864
CLBM,f,A,2015,8,GLASS_SH,PRICE,Raw,157
CLBM,f,A,2015,8,GMS_ANGLE,PRICE,Raw,11601
CLBM,f,A,2015,8,GMS_FLAT,PRICE,Raw,10134
CLBM,f,A,2015,8,GMS_PLATE,PRICE,Raw,8701
CLBM,f,A,2015,8,HARDW_SAWN,PRICE,Raw,5707
CLBM,f,A,2015,8,HOMOF_200,PRICE,Raw,160
CLBM,f,A,2015,8,MF_SP,PRICE,Raw,5074
CLBM,f,A,2015,8,MOSAIC_18,PRICE,Raw,119
CLBM,f,A,2015,8,MOSAIC_25,PRICE,Raw,50
CLBM,f,A,2015,8,MOSAIC_45,PRICE,Raw,134
CLBM,f,A,2015,8,PAINT_ACRY,PRICE,Raw,50
CLBM,f,A,2015,8,PAINT_EMUL,PRICE,Raw,53
CLBM,f,A,2015,8,SAND,PRICE,Raw,141
CLBM,f,A,2015,8,SR_HIGH,PRICE,Raw,3643
CLBM,f,A,2015,8,SR_ROUND,PRICE,Raw,5180
CLBM,f,A,2015,8,TF_PLY,PRICE,Raw,75
CLBM,f,A,2015,8,TF_SAWN,PRICE,Raw,3814
CLBM,f,A,2015,8,UPVC_32,PRICE,Raw,53
CLBM,f,A,2015,8,WALL_COLOR,PRICE,Raw,443
CLBM,f,A,2015,8,WALL_WHITE,PRICE,Raw,233
CLBM,f,A,2015,9,AGG,PRICE,Raw,78
CLBM,f,A,2015,9,BIT,PRICE,Raw,7850
CLBM,f,A,2015,9,CEMENT,PRICE,Raw,739
CLBM,f,A,2015,9,CONCRETE,PRICE,Raw,75
CLBM,f,A,2015,9,DIESEL_IND,PRICE,Raw,1855
CLBM,f,A,2015,9,DIESEL_RD,PRICE,Raw,859
CLBM,f,A,2015,9,GLASS_SH,PRICE,Raw,157
CLBM,f,A,2015,9,GMS_ANGLE,PRICE,Raw,11623
CLBM,f,A,2015,9,GMS_FLAT,PRICE,Raw,10118
CLBM,f,A,2015,9,GMS_PLATE,PRICE,Raw,8703
CLBM,f,A,2015,9,HARDW_SAWN,PRICE,Raw,5707
CLBM,f,A,2015,9,HOMOF_200,PRICE,Raw,160
CLBM,f,A,2015,9,MF_SP,PRICE,Raw,4853
CLBM,f,A,2015,9,MOSAIC_18,PRICE,Raw,119
CLBM,f,A,2015,9,MOSAIC_25,PRICE,Raw,50
CLBM,f,A,2015,9,MOSAIC_45,PRICE,Raw,134
CLBM,f,A,2015,9,PAINT_ACRY,PRICE,Raw,50
CLBM,f,A,2015,9,PAINT_EMUL,PRICE,Raw,53
CLBM,f,A,2015,9,SAND,PRICE,Raw,138
CLBM,f,A,2015,9,SR_HIGH,PRICE,Raw,3524
CLBM,f,A,2015,9,SR_ROUND,PRICE,Raw,5165
CLBM,f,A,2015,9,TF_PLY,PRICE,Raw,75
CLBM,f,A,2015,9,TF_SAWN,PRICE,Raw,4026
CLBM,f,A,2015,9,UPVC_32,PRICE,Raw,53
CLBM,f,A,2015,9,WALL_COLOR,PRICE,Raw,443
CLBM,f,A,2015,9,WALL_WHITE,PRICE,Raw,233
CLBM,f,A,2015,10,AGG,PRICE,Raw,75
CLBM,f,A,2015,10,BIT,PRICE,Raw,7750
CLBM,f,A,2015,10,CEMENT,PRICE,Raw,739
CLBM,f,A,2015,10,CONCRETE,PRICE,Raw,75
CLBM,f,A,2015,10,DIESEL_IND,PRICE,Raw,1866
CLBM,f,A,2015,10,DIESEL_RD,PRICE,Raw,876
CLBM,f,A,2015,10,GLASS_SH,PRICE,Raw,157
CLBM,f,A,2015,10,GMS_ANGLE,PRICE,Raw,11620
CLBM,f,A,2015,10,GMS_FLAT,PRICE,Raw,10112
CLBM,f,A,2015,10,GMS_PLATE,PRICE,Raw,8690
CLBM,f,A,2015,10,HARDW_SAWN,PRICE,Raw,5707
CLBM,f,A,2015,10,HOMOF_200,PRICE,Raw,160
CLBM,f,A,2015,10,MF_SP,PRICE,Raw,4826
CLBM,f,A,2015,10,MOSAIC_18,PRICE,Raw,119
CLBM,f,A,2015,10,MOSAIC_25,PRICE,Raw,50
CLBM,f,A,2015,10,MOSAIC_45,PRICE,Raw,134
CLBM,f,A,2015,10,PAINT_ACRY,PRICE,Raw,50
CLBM,f,A,2015,10,PAINT_EMUL,PRICE,Raw,53
CLBM,f,A,2015,10,SAND,PRICE,Raw,153
CLBM,f,A,2015,10,SR_HIGH,PRICE,Raw,3355
CLBM,f,A,2015,10,SR_ROUND,PRICE,Raw,5125
CLBM,f,A,2015,10,TF_PLY,PRICE,Raw,75
CLBM,f,A,2015,10,TF_SAWN,PRICE,Raw,4026
CLBM,f,A,2015,10,UPVC_32,PRICE,Raw,53
CLBM,f,A,2015,10,WALL_COLOR,PRICE,Raw,443
CLBM,f,A,2015,10,WALL_WHITE,PRICE,Raw,233
CLBM,f,A,2015,11,AGG,PRICE,Raw,74
CLBM,f,A,2015,11,BIT,PRICE,Raw,7600
CLBM,f,A,2015,11,CEMENT,PRICE,Raw,739
CLBM,f,A,2015,11,CONCRETE,PRICE,Raw,76
CLBM,f,A,2015,11,DIESEL_IND,PRICE,Raw,1872
CLBM,f,A,2015,11,DIESEL_RD,PRICE,Raw,868
CLBM,f,A,2015,11,GLASS_SH,PRICE,Raw,157
CLBM,f,A,2015,11,GMS_ANGLE,PRICE,Raw,11613
CLBM,f,A,2015,11,GMS_FLAT,PRICE,Raw,10112
CLBM,f,A,2015,11,GMS_PLATE,PRICE,Raw,8663
CLBM,f,A,2015,11,HARDW_SAWN,PRICE,Raw,5707
CLBM,f,A,2015,11,HOMOF_200,PRICE,Raw,160
CLBM,f,A,2015,11,MF_SP,PRICE,Raw,4701
CLBM,f,A,2015,11,MOSAIC_18,PRICE,Raw,119
CLBM,f,A,2015,11,MOSAIC_25,PRICE,Raw,50
CLBM,f,A,2015,11,MOSAIC_45,PRICE,Raw,134
CLBM,f,A,2015,11,PAINT_ACRY,PRICE,Raw,50
CLBM,f,A,2015,11,PAINT_EMUL,PRICE,Raw,53
CLBM,f,A,2015,11,SAND,PRICE,Raw,165
CLBM,f,A,2015,11,SR_HIGH,PRICE,Raw,3333
CLBM,f,A,2015,11,SR_ROUND,PRICE,Raw,5090
CLBM,f,A,2015,11,TF_PLY,PRICE,Raw,75
CLBM,f,A,2015,11,TF_SAWN,PRICE,Raw,4026
CLBM,f,A,2015,11,UPVC_32,PRICE,Raw,53
CLBM,f,A,2015,11,WALL_COLOR,PRICE,Raw,443
CLBM,f,A,2015,11,WALL_WHITE,PRICE,Raw,233
CLBM,f,A,2015,12,AGG,PRICE,Raw,76
CLBM,f,A,2015,12,BIT,PRICE,Raw,7150
CLBM,f,A,2015,12,CEMENT,PRICE,Raw,738
CLBM,f,A,2015,12,CONCRETE,PRICE,Raw,76
CLBM,f,A,2015,12,DIESEL_IND,PRICE,Raw,1843
CLBM,f,A,2015,12,DIESEL_RD,PRICE,Raw,840
CLBM,f,A,2015,12,GLASS_SH,PRICE,Raw,157
CLBM,f,A,2015,12,GMS_ANGLE,PRICE,Raw,11469
CLBM,f,A,2015,12,GMS_FLAT,PRICE,Raw,9926
CLBM,f,A,2015,12,GMS_PLATE,PRICE,Raw,8578
CLBM,f,A,2015,12,HARDW_SAWN,PRICE,Raw,5707
CLBM,f,A,2015,12,HOMOF_200,PRICE,Raw,160
CLBM,f,A,2015,12,MF_SP,PRICE,Raw,4615
CLBM,f,A,2015,12,MOSAIC_18,PRICE,Raw,119
CLBM,f,A,2015,12,MOSAIC_25,PRICE,Raw,50
CLBM,f,A,2015,12,MOSAIC_45,PRICE,Raw,134
CLBM,f,A,2015,12,PAINT_ACRY,PRICE,Raw,51
CLBM,f,A,2015,12,PAINT_EMUL,PRICE,Raw,53
CLBM,f,A,2015,12,SAND,PRICE,Raw,189
CLBM,f,A,2015,12,SR_HIGH,PRICE,Raw,3242
CLBM,f,A,2015,12,SR_ROUND,PRICE,Raw,5073
CLBM,f,A,2015,12,TF_PLY,PRICE,Raw,75
CLBM,f,A,2015,12,TF_SAWN,PRICE,Raw,4026
CLBM,f,A,2015,12,UPVC_32,PRICE,Raw,52
CLBM,f,A,2015,12,WALL_COLOR,PRICE,Raw,443
CLBM,f,A,2015,12,WALL_WHITE,PRICE,Raw,233
CLBM,f,A,2016,1,AGG,PRICE,Raw,72
CLBM,f,A,2016,1,BIT,PRICE,Raw,7017
CLBM,f,A,2016,1,CEMENT,PRICE,Raw,726
CLBM,f,A,2016,1,CONCRETE,PRICE,Raw,76
CLBM,f,A,2016,1,DIESEL_IND,PRICE,Raw,1792
CLBM,f,A,2016,1,DIESEL_RD,PRICE,Raw,791
CLBM,f,A,2016,1,GLASS_SH,PRICE,Raw,157
CLBM,f,A,2016,1,GMS_ANGLE,PRICE,Raw,11474
CLBM,f,A,2016,1,GMS_FLAT,PRICE,Raw,9940
CLBM,f,A,2016,1,GMS_PLATE,PRICE,Raw,8603
CLBM,f,A,2016,1,HARDW_SAWN,PRICE,Raw,5707
CLBM,f,A,2016,1,HOMOF_200,PRICE,Raw,161
CLBM,f,A,2016,1,MF_SP,PRICE,Raw,4662
CLBM,f,A,2016,1,MOSAIC_18,PRICE,Raw,119
CLBM,f,A,2016,1,MOSAIC_25,PRICE,Raw,50
CLBM,f,A,2016,1,MOSAIC_45,PRICE,Raw,134
CLBM,f,A,2016,1,PAINT_ACRY,PRICE,Raw,51
CLBM,f,A,2016,1,PAINT_EMUL,PRICE,Raw,53
CLBM,f,A,2016,1,SAND,PRICE,Raw,138
CLBM,f,A,2016,1,SR_HIGH,PRICE,Raw,3157
CLBM,f,A,2016,1,SR_ROUND,PRICE,Raw,5054
CLBM,f,A,2016,1,TF_PLY,PRICE,Raw,75
CLBM,f,A,2016,1,TF_SAWN,PRICE,Raw,4379
CLBM,f,A,2016,1,UPVC_32,PRICE,Raw,52
CLBM,f,A,2016,1,WALL_COLOR,PRICE,Raw,443
CLBM,f,A,2016,1,WALL_WHITE,PRICE,Raw,233
CLBM,f,A,2016,2,AGG,PRICE,Raw,71
CLBM,f,A,2016,2,BIT,PRICE,Raw,6750
CLBM,f,A,2016,2,CEMENT,PRICE,Raw,720
CLBM,f,A,2016,2,CONCRETE,PRICE,Raw,76
CLBM,f,A,2016,2,DIESEL_IND,PRICE,Raw,1771
CLBM,f,A,2016,2,DIESEL_RD,PRICE,Raw,777
CLBM,f,A,2016,2,GLASS_SH,PRICE,Raw,157
CLBM,f,A,2016,2,GMS_ANGLE,PRICE,Raw,11474
CLBM,f,A,2016,2,GMS_FLAT,PRICE,Raw,9940
CLBM,f,A,2016,2,GMS_PLATE,PRICE,Raw,8603
CLBM,f,A,2016,2,HARDW_SAWN,PRICE,Raw,5707
CLBM,f,A,2016,2,HOMOF_200,PRICE,Raw,161
CLBM,f,A,2016,2,MF_SP,PRICE,Raw,4627
CLBM,f,A,2016,2,MOSAIC_18,PRICE,Raw,119
CLBM,f,A,2016,2,MOSAIC_25,PRICE,Raw,50
CLBM,f,A,2016,2,MOSAIC_45,PRICE,Raw,134
CLBM,f,A,2016,2,PAINT_ACRY,PRICE,Raw,51
CLBM,f,A,2016,2,PAINT_EMUL,PRICE,Raw,53
CLBM,f,A,2016,2,SAND,PRICE,Raw,107
CLBM,f,A,2016,2,SR_HIGH,PRICE,Raw,3200
CLBM,f,A,2016,2,SR_ROUND,PRICE,Raw,5059
CLBM,f,A,2016,2,TF_PLY,PRICE,Raw,76
CLBM,f,A,2016,2,TF_SAWN,PRICE,Raw,4379
CLBM,f,A,2016,2,UPVC_32,PRICE,Raw,52
CLBM,f,A,2016,2,WALL_COLOR,PRICE,Raw,443
CLBM,f,A,2016,2,WALL_WHITE,PRICE,Raw,233
CLBM,f,A,2016,3,AGG,PRICE,Raw,70
CLBM,f,A,2016,3,BIT,PRICE,Raw,6583
CLBM,f,A,2016,3,CEMENT,PRICE,Raw,714
CLBM,f,A,2016,3,CONCRETE,PRICE,Raw,76
CLBM,f,A,2016,3,DIESEL_IND,PRICE,Raw,1798
CLBM,f,A,2016,3,DIESEL_RD,PRICE,Raw,808
CLBM,f,A,2016,3,GLASS_SH,PRICE,Raw,157
CLBM,f,A,2016,3,GMS_ANGLE,PRICE,Raw,11430
CLBM,f,A,2016,3,GMS_FLAT,PRICE,Raw,10229
CLBM,f,A,2016,3,GMS_PLATE,PRICE,Raw,8640
CLBM,f,A,2016,3,HARDW_SAWN,PRICE,Raw,5707
CLBM,f,A,2016,3,HOMOF_200,PRICE,Raw,161
CLBM,f,A,2016,3,MF_SP,PRICE,Raw,4837
CLBM,f,A,2016,3,MOSAIC_18,PRICE,Raw,119
CLBM,f,A,2016,3,MOSAIC_25,PRICE,Raw,50
CLBM,f,A,2016,3,MOSAIC_45,PRICE,Raw,135
CLBM,f,A,2016,3,PAINT_ACRY,PRICE,Raw,51
CLBM,f,A,2016,3,PAINT_EMUL,PRICE,Raw,53
CLBM,f,A,2016,3,SAND,PRICE,Raw,119
CLBM,f,A,2016,3,SR_HIGH,PRICE,Raw,3466
CLBM,f,A,2016,3,SR_ROUND,PRICE,Raw,5270
CLBM,f,A,2016,3,TF_PLY,PRICE,Raw,76
CLBM,f,A,2016,3,TF_SAWN,PRICE,Raw,4379
CLBM,f,A,2016,3,UPVC_32,PRICE,Raw,52
CLBM,f,A,2016,3,WALL_COLOR,PRICE,Raw,443
CLBM,f,A,2016,3,WALL_WHITE,PRICE,Raw,233
CLBM,f,A,2016,4,AGG,PRICE,Raw,71
CLBM,f,A,2016,4,BIT,PRICE,Raw,6167
CLBM,f,A,2016,4,CEMENT,PRICE,Raw,713
CLBM,f,A,2016,4,CONCRETE,PRICE,Raw,76
CLBM,f,A,2016,4,DIESEL_IND,PRICE,Raw,1832
CLBM,f,A,2016,4,DIESEL_RD,PRICE,Raw,818
CLBM,f,A,2016,4,GLASS_SH,PRICE,Raw,157
CLBM,f,A,2016,4,GMS_ANGLE,PRICE,Raw,12307
CLBM,f,A,2016,4,GMS_FLAT,PRICE,Raw,10266
CLBM,f,A,2016,4,GMS_PLATE,PRICE,Raw,8771
CLBM,f,A,2016,4,HARDW_SAWN,PRICE,Raw,5707
CLBM,f,A,2016,4,HOMOF_200,PRICE,Raw,161
CLBM,f,A,2016,4,MF_SP,PRICE,Raw,4882
CLBM,f,A,2016,4,MOSAIC_18,PRICE,Raw,119
CLBM,f,A,2016,4,MOSAIC_25,PRICE,Raw,50
CLBM,f,A,2016,4,MOSAIC_45,PRICE,Raw,135
CLBM,f,A,2016,4,PAINT_ACRY,PRICE,Raw,51
CLBM,f,A,2016,4,PAINT_EMUL,PRICE,Raw,53
CLBM,f,A,2016,4,SAND,PRICE,Raw,122
CLBM,f,A,2016,4,SR_HIGH,PRICE,Raw,3905
CLBM,f,A,2016,4,SR_ROUND,PRICE,Raw,5380
CLBM,f,A,2016,4,TF_PLY,PRICE,Raw,76
CLBM,f,A,2016,4,TF_SAWN,PRICE,Raw,4379
CLBM,f,A,2016,4,UPVC_32,PRICE,Raw,52
CLBM,f,A,2016,4,WALL_COLOR,PRICE,Raw,443
CLBM,f,A,2016,4,WALL_WHITE,PRICE,Raw,233
CLBM,f,A,2016,5,AGG,PRICE,Raw,69
CLBM,f,A,2016,5,BIT,PRICE,Raw,5650
CLBM,f,A,2016,5,CEMENT,PRICE,Raw,712
CLBM,f,A,2016,5,CONCRETE,PRICE,Raw,76
CLBM,f,A,2016,5,DIESEL_IND,PRICE,Raw,1871
CLBM,f,A,2016,5,DIESEL_RD,PRICE,Raw,851
CLBM,f,A,2016,5,GLASS_SH,PRICE,Raw,157
CLBM,f,A,2016,5,GMS_ANGLE,PRICE,Raw,11299
CLBM,f,A,2016,5,GMS_FLAT,PRICE,Raw,10266
CLBM,f,A,2016,5,GMS_PLATE,PRICE,Raw,8771
CLBM,f,A,2016,5,HARDW_SAWN,PRICE,Raw,5707
CLBM,f,A,2016,5,HOMOF_200,PRICE,Raw,161
CLBM,f,A,2016,5,MF_SP,PRICE,Raw,4889
CLBM,f,A,2016,5,MOSAIC_18,PRICE,Raw,119
CLBM,f,A,2016,5,MOSAIC_25,PRICE,Raw,50
CLBM,f,A,2016,5,MOSAIC_45,PRICE,Raw,135
CLBM,f,A,2016,5,PAINT_ACRY,PRICE,Raw,51
CLBM,f,A,2016,5,PAINT_EMUL,PRICE,Raw,53
CLBM,f,A,2016,5,SAND,PRICE,Raw,122
CLBM,f,A,2016,5,SR_HIGH,PRICE,Raw,3844
CLBM,f,A,2016,5,SR_ROUND,PRICE,Raw,5450
CLBM,f,A,2016,5,TF_PLY,PRICE,Raw,76
CLBM,f,A,2016,5,TF_SAWN,PRICE,Raw,4379
CLBM,f,A,2016,5,UPVC_32,PRICE,Raw,52
CLBM,f,A,2016,5,WALL_COLOR,PRICE,Raw,443
CLBM,f,A,2016,5,WALL_WHITE,PRICE,Raw,233
CLBM,f,A,2016,6,AGG,PRICE,Raw,68
CLBM,f,A,2016,6,BIT,PRICE,Raw,5450
CLBM,f,A,2016,6,CEMENT,PRICE,Raw,712
CLBM,f,A,2016,6,CONCRETE,PRICE,Raw,76
CLBM,f,A,2016,6,DIESEL_IND,PRICE,Raw,1914
CLBM,f,A,2016,6,DIESEL_RD,PRICE,Raw,890
CLBM,f,A,2016,6,GLASS_SH,PRICE,Raw,157
CLBM,f,A,2016,6,GMS_ANGLE,PRICE,Raw,11303
CLBM,f,A,2016,6,GMS_FLAT,PRICE,Raw,10266
CLBM,f,A,2016,6,GMS_PLATE,PRICE,Raw,8740
CLBM,f,A,2016,6,HARDW_SAWN,PRICE,Raw,5707
CLBM,f,A,2016,6,HOMOF_200,PRICE,Raw,163
CLBM,f,A,2016,6,MF_SP,PRICE,Raw,4822
CLBM,f,A,2016,6,MOSAIC_18,PRICE,Raw,119
CLBM,f,A,2016,6,MOSAIC_25,PRICE,Raw,50
CLBM,f,A,2016,6,MOSAIC_45,PRICE,Raw,138
CLBM,f,A,2016,6,PAINT_ACRY,PRICE,Raw,51
CLBM,f,A,2016,6,PAINT_EMUL,PRICE,Raw,53
CLBM,f,A,2016,6,SAND,PRICE,Raw,122
CLBM,f,A,2016,6,SR_HIGH,PRICE,Raw,3570
CLBM,f,A,2016,6,SR_ROUND,PRICE,Raw,5255
CLBM,f,A,2016,6,TF_PLY,PRICE,Raw,73
CLBM,f,A,2016,6,TF_SAWN,PRICE,Raw,4556
CLBM,f,A,2016,6,UPVC_32,PRICE,Raw,52
CLBM,f,A,2016,6,WALL_COLOR,PRICE,Raw,443
CLBM,f,A,2016,6,WALL_WHITE,PRICE,Raw,236
CLBM,f,A,2016,7,AGG,PRICE,Raw,68
CLBM,f,A,2016,7,BIT,PRICE,Raw,5450
CLBM,f,A,2016,7,CEMENT,PRICE,Raw,710
CLBM,f,A,2016,7,CONCRETE,PRICE,Raw,76
CLBM,f,A,2016,7,DIESEL_IND,PRICE,Raw,1934
CLBM,f,A,2016,7,DIESEL_RD,PRICE,Raw,895
CLBM,f,A,2016,7,GLASS_SH,PRICE,Raw,157
CLBM,f,A,2016,7,GMS_ANGLE,PRICE,Raw,11292
CLBM,f,A,2016,7,GMS_FLAT,PRICE,Raw,10177
CLBM,f,A,2016,7,GMS_PLATE,PRICE,Raw,8734
CLBM,f,A,2016,7,HARDW_SAWN,PRICE,Raw,5707
CLBM,f,A,2016,7,HOMOF_200,PRICE,Raw,163
CLBM,f,A,2016,7,MF_SP,PRICE,Raw,4830
CLBM,f,A,2016,7,MOSAIC_18,PRICE,Raw,119
CLBM,f,A,2016,7,MOSAIC_25,PRICE,Raw,50
CLBM,f,A,2016,7,MOSAIC_45,PRICE,Raw,143
CLBM,f,A,2016,7,PAINT_ACRY,PRICE,Raw,51
CLBM,f,A,2016,7,PAINT_EMUL,PRICE,Raw,53
CLBM,f,A,2016,7,SAND,PRICE,Raw,132
CLBM,f,A,2016,7,SR_HIGH,PRICE,Raw,3558
CLBM,f,A,2016,7,SR_ROUND,PRICE,Raw,5275
CLBM,f,A,2016,7,TF_PLY,PRICE,Raw,73
CLBM,f,A,2016,7,TF_SAWN,PRICE,Raw,4556
CLBM,f,A,2016,7,UPVC_32,PRICE,Raw,52
CLBM,f,A,2016,7,WALL_COLOR,PRICE,Raw,443
CLBM,f,A,2016,7,WALL_WHITE,PRICE,Raw,243
CLBM,f,A,2016,8,AGG,PRICE,Raw,66
CLBM,f,A,2016,8,BIT,PRICE,Raw,5117
CLBM,f,A,2016,8,CEMENT,PRICE,Raw,715
CLBM,f,A,2016,8,CONCRETE,PRICE,Raw,76
CLBM,f,A,2016,8,DIESEL_IND,PRICE,Raw,1902
CLBM,f,A,2016,8,DIESEL_RD,PRICE,Raw,881
CLBM,f,A,2016,8,GLASS_SH,PRICE,Raw,157
CLBM,f,A,2016,8,GMS_ANGLE,PRICE,Raw,11297
CLBM,f,A,2016,8,GMS_FLAT,PRICE,Raw,10177
CLBM,f,A,2016,8,GMS_PLATE,PRICE,Raw,8721
CLBM,f,A,2016,8,HARDW_SAWN,PRICE,Raw,5707
CLBM,f,A,2016,8,HOMOF_200,PRICE,Raw,163
CLBM,f,A,2016,8,MF_SP,PRICE,Raw,4845
CLBM,f,A,2016,8,MOSAIC_18,PRICE,Raw,119
CLBM,f,A,2016,8,MOSAIC_25,PRICE,Raw,50
CLBM,f,A,2016,8,MOSAIC_45,PRICE,Raw,143
CLBM,f,A,2016,8,PAINT_ACRY,PRICE,Raw,51
CLBM,f,A,2016,8,PAINT_EMUL,PRICE,Raw,53
CLBM,f,A,2016,8,SAND,PRICE,Raw,148
CLBM,f,A,2016,8,SR_HIGH,PRICE,Raw,3692
CLBM,f,A,2016,8,SR_ROUND,PRICE,Raw,5330
CLBM,f,A,2016,8,TF_PLY,PRICE,Raw,73
CLBM,f,A,2016,8,TF_SAWN,PRICE,Raw,4556
CLBM,f,A,2016,8,UPVC_32,PRICE,Raw,52
CLBM,f,A,2016,8,WALL_COLOR,PRICE,Raw,443
CLBM,f,A,2016,8,WALL_WHITE,PRICE,Raw,243
CLBM,f,A,2016,9,AGG,PRICE,Raw,67
CLBM,f,A,2016,9,BIT,PRICE,Raw,4850
CLBM,f,A,2016,9,CEMENT,PRICE,Raw,715
CLBM,f,A,2016,9,CONCRETE,PRICE,Raw,76
CLBM,f,A,2016,9,DIESEL_IND,PRICE,Raw,1918
CLBM,f,A,2016,9,DIESEL_RD,PRICE,Raw,895
CLBM,f,A,2016,9,GLASS_SH,PRICE,Raw,157
CLBM,f,A,2016,9,GMS_ANGLE,PRICE,Raw,11263
CLBM,f,A,2016,9,GMS_FLAT,PRICE,Raw,10177
CLBM,f,A,2016,9,GMS_PLATE,PRICE,Raw,8728
CLBM,f,A,2016,9,HARDW_SAWN,PRICE,Raw,5707
CLBM,f,A,2016,9,HOMOF_200,PRICE,Raw,163
CLBM,f,A,2016,9,MF_SP,PRICE,Raw,4830
CLBM,f,A,2016,9,MOSAIC_18,PRICE,Raw,119
CLBM,f,A,2016,9,MOSAIC_25,PRICE,Raw,50
CLBM,f,A,2016,9,MOSAIC_45,PRICE,Raw,143
CLBM,f,A,2016,9,PAINT_ACRY,PRICE,Raw,51
CLBM,f,A,2016,9,PAINT_EMUL,PRICE,Raw,53
CLBM,f,A,2016,9,SAND,PRICE,Raw,153
CLBM,f,A,2016,9,SR_HIGH,PRICE,Raw,3730
CLBM,f,A,2016,9,SR_ROUND,PRICE,Raw,5395
CLBM,f,A,2016,9,TF_PLY,PRICE,Raw,73
CLBM,f,A,2016,9,TF_SAWN,PRICE,Raw,4556
CLBM,f,A,2016,9,UPVC_32,PRICE,Raw,52
CLBM,f,A,2016,9,WALL_COLOR,PRICE,Raw,443
CLBM,f,A,2016,9,WALL_WHITE,PRICE,Raw,243
CLBM,f,A,2016,10,AGG,PRICE,Raw,64
CLBM,f,A,2016,10,BIT,PRICE,Raw,4850
CLBM,f,A,2016,10,CEMENT,PRICE,Raw,713
CLBM,f,A,2016,10,CONCRETE,PRICE,Raw,76
CLBM,f,A,2016,10,DIESEL_IND,PRICE,Raw,1940
CLBM,f,A,2016,10,DIESEL_RD,PRICE,Raw,917
CLBM,f,A,2016,10,GLASS_SH,PRICE,Raw,157
CLBM,f,A,2016,10,GMS_ANGLE,PRICE,Raw,11266
CLBM,f,A,2016,10,GMS_FLAT,PRICE,Raw,10177
CLBM,f,A,2016,10,GMS_PLATE,PRICE,Raw,8728
CLBM,f,A,2016,10,HARDW_SAWN,PRICE,Raw,5707
CLBM,f,A,2016,10,HOMOF_200,PRICE,Raw,163
CLBM,f,A,2016,10,MF_SP,PRICE,Raw,4830
CLBM,f,A,2016,10,MOSAIC_18,PRICE,Raw,119
CLBM,f,A,2016,10,MOSAIC_25,PRICE,Raw,50
CLBM,f,A,2016,10,MOSAIC_45,PRICE,Raw,143
CLBM,f,A,2016,10,PAINT_ACRY,PRICE,Raw,50
CLBM,f,A,2016,10,PAINT_EMUL,PRICE,Raw,53
CLBM,f,A,2016,10,SAND,PRICE,Raw,141
CLBM,f,A,2016,10,SR_HIGH,PRICE,Raw,3700
CLBM,f,A,2016,10,SR_ROUND,PRICE,Raw,5320
CLBM,f,A,2016,10,TF_PLY,PRICE,Raw,73
CLBM,f,A,2016,10,TF_SAWN,PRICE,Raw,4556
CLBM,f,A,2016,10,UPVC_32,PRICE,Raw,53
CLBM,f,A,2016,10,WALL_COLOR,PRICE,Raw,440
CLBM,f,A,2016,10,WALL_WHITE,PRICE,Raw,243
CLBM,f,A,2016,11,AGG,PRICE,Raw,64
CLBM,f,A,2016,11,BIT,PRICE,Raw,4883
CLBM,f,A,2016,11,CEMENT,PRICE,Raw,713
CLBM,f,A,2016,11,CONCRETE,PRICE,Raw,76
CLBM,f,A,2016,11,DIESEL_IND,PRICE,Raw,1953
CLBM,f,A,2016,11,DIESEL_RD,PRICE,Raw,913
CLBM,f,A,2016,11,GLASS_SH,PRICE,Raw,157
CLBM,f,A,2016,11,GMS_ANGLE,PRICE,Raw,11669
CLBM,f,A,2016,11,GMS_FLAT,PRICE,Raw,10255
CLBM,f,A,2016,11,GMS_PLATE,PRICE,Raw,8753
CLBM,f,A,2016,11,HARDW_SAWN,PRICE,Raw,5707
CLBM,f,A,2016,11,HOMOF_200,PRICE,Raw,163
CLBM,f,A,2016,11,MF_SP,PRICE,Raw,4890
CLBM,f,A,2016,11,MOSAIC_18,PRICE,Raw,119
CLBM,f,A,2016,11,MOSAIC_25,PRICE,Raw,50
CLBM,f,A,2016,11,MOSAIC_45,PRICE,Raw,143
CLBM,f,A,2016,11,PAINT_ACRY,PRICE,Raw,50
CLBM,f,A,2016,11,PAINT_EMUL,PRICE,Raw,53
CLBM,f,A,2016,11,SAND,PRICE,Raw,170
CLBM,f,A,2016,11,SR_HIGH,PRICE,Raw,3985
CLBM,f,A,2016,11,SR_ROUND,PRICE,Raw,5550
CLBM,f,A,2016,11,TF_PLY,PRICE,Raw,73
CLBM,f,A,2016,11,TF_SAWN,PRICE,Raw,4556
CLBM,f,A,2016,11,UPVC_32,PRICE,Raw,53
CLBM,f,A,2016,11,WALL_COLOR,PRICE,Raw,440
CLBM,f,A,2016,11,WALL_WHITE,PRICE,Raw,243
CLBM,f,A,2016,12,AGG,PRICE,Raw,63
CLBM,f,A,2016,12,BIT,PRICE,Raw,4983
CLBM,f,A,2016,12,CEMENT,PRICE,Raw,713
CLBM,f,A,2016,12,CONCRETE,PRICE,Raw,76
CLBM,f,A,2016,12,DIESEL_IND,PRICE,Raw,1962
CLBM,f,A,2016,12,DIESEL_RD,PRICE,Raw,934
CLBM,f,A,2016,12,GLASS_SH,PRICE,Raw,157
CLBM,f,A,2016,12,GMS_ANGLE,PRICE,Raw,12716
CLBM,f,A,2016,12,GMS_FLAT,PRICE,Raw,10255
CLBM,f,A,2016,12,GMS_PLATE,PRICE,Raw,9139
CLBM,f,A,2016,12,HARDW_SAWN,PRICE,Raw,5707
CLBM,f,A,2016,12,HOMOF_200,PRICE,Raw,163
CLBM,f,A,2016,12,MF_SP,PRICE,Raw,4941
CLBM,f,A,2016,12,MOSAIC_18,PRICE,Raw,119
CLBM,f,A,2016,12,MOSAIC_25,PRICE,Raw,50
CLBM,f,A,2016,12,MOSAIC_45,PRICE,Raw,143
CLBM,f,A,2016,12,PAINT_ACRY,PRICE,Raw,50
CLBM,f,A,2016,12,PAINT_EMUL,PRICE,Raw,53
CLBM,f,A,2016,12,SAND,PRICE,Raw,180
CLBM,f,A,2016,12,SR_HIGH,PRICE,Raw,4264
CLBM,f,A,2016,12,SR_ROUND,PRICE,Raw,5675
CLBM,f,A,2016,12,TF_PLY,PRICE,Raw,73
CLBM,f,A,2016,12,TF_SAWN,PRICE,Raw,4556
CLBM,f,A,2016,12,UPVC_32,PRICE,Raw,53
CLBM,f,A,2016,12,WALL_COLOR,PRICE,Raw,440
CLBM,f,A,2016,12,WALL_WHITE,PRICE,Raw,243
CLBM,f,A,2017,1,AGG,PRICE,Raw,56
CLBM,f,A,2017,1,BIT,PRICE,Raw,5050
CLBM,f,A,2017,1,CEMENT,PRICE,Raw,712
CLBM,f,A,2017,1,CONCRETE,PRICE,Raw,76
CLBM,f,A,2017,1,DIESEL_IND,PRICE,Raw,2012
CLBM,f,A,2017,1,DIESEL_RD,PRICE,Raw,958
CLBM,f,A,2017,1,GLASS_SH,PRICE,Raw,157
CLBM,f,A,2017,1,GMS_ANGLE,PRICE,Raw,12739
CLBM,f,A,2017,1,GMS_FLAT,PRICE,Raw,10371
CLBM,f,A,2017,1,GMS_PLATE,PRICE,Raw,9158
CLBM,f,A,2017,1,HARDW_SAWN,PRICE,Raw,5707
CLBM,f,A,2017,1,HOMOF_200,PRICE,Raw,164
CLBM,f,A,2017,1,MF_SP,PRICE,Raw,4972
CLBM,f,A,2017,1,MOSAIC_18,PRICE,Raw,119
CLBM,f,A,2017,1,MOSAIC_25,PRICE,Raw,50
CLBM,f,A,2017,1,MOSAIC_45,PRICE,Raw,143
CLBM,f,A,2017,1,PAINT_ACRY,PRICE,Raw,50
CLBM,f,A,2017,1,PAINT_EMUL,PRICE,Raw,53
CLBM,f,A,2017,1,SAND,PRICE,Raw,124
CLBM,f,A,2017,1,SR_HIGH,PRICE,Raw,4272
CLBM,f,A,2017,1,SR_ROUND,PRICE,Raw,5610
CLBM,f,A,2017,1,TF_PLY,PRICE,Raw,74
CLBM,f,A,2017,1,TF_SAWN,PRICE,Raw,4556
CLBM,f,A,2017,1,UPVC_32,PRICE,Raw,53
CLBM,f,A,2017,1,WALL_COLOR,PRICE,Raw,440
CLBM,f,A,2017,1,WALL_WHITE,PRICE,Raw,243
CLBM,f,A,2017,2,AGG,PRICE,Raw,60
CLBM,f,A,2017,2,BIT,PRICE,Raw,5683
CLBM,f,A,2017,2,CEMENT,PRICE,Raw,711
CLBM,f,A,2017,2,CONCRETE,PRICE,Raw,76
CLBM,f,A,2017,2,DIESEL_IND,PRICE,Raw,2035
CLBM,f,A,2017,2,DIESEL_RD,PRICE,Raw,967
CLBM,f,A,2017,2,GLASS_SH,PRICE,Raw,157
CLBM,f,A,2017,2,GMS_ANGLE,PRICE,Raw,13873
CLBM,f,A,2017,2,GMS_FLAT,PRICE,Raw,10879
CLBM,f,A,2017,2,GMS_PLATE,PRICE,Raw,9227
CLBM,f,A,2017,2,HARDW_SAWN,PRICE,Raw,5814
CLBM,f,A,2017,2,HOMOF_200,PRICE,Raw,165
CLBM,f,A,2017,2,MF_SP,PRICE,Raw,5017
CLBM,f,A,2017,2,MOSAIC_18,PRICE,Raw,119
CLBM,f,A,2017,2,MOSAIC_25,PRICE,Raw,50
CLBM,f,A,2017,2,MOSAIC_45,PRICE,Raw,143
CLBM,f,A,2017,2,PAINT_ACRY,PRICE,Raw,50
CLBM,f,A,2017,2,PAINT_EMUL,PRICE,Raw,53
CLBM,f,A,2017,2,SAND,PRICE,Raw,121
CLBM,f,A,2017,2,SR_HIGH,PRICE,Raw,4304
CLBM,f,A,2017,2,SR_ROUND,PRICE,Raw,5600
CLBM,f,A,2017,2,TF_PLY,PRICE,Raw,74
CLBM,f,A,2017,2,TF_SAWN,PRICE,Raw,4556
CLBM,f,A,2017,2,UPVC_32,PRICE,Raw,53
CLBM,f,A,2017,2,WALL_COLOR,PRICE,Raw,440
CLBM,f,A,2017,2,WALL_WHITE,PRICE,Raw,243
CLBM,f,A,2017,3,AGG,PRICE,Raw,60
CLBM,f,A,2017,3,BIT,PRICE,Raw,5950
CLBM,f,A,2017,3,CEMENT,PRICE,Raw,707
CLBM,f,A,2017,3,CONCRETE,PRICE,Raw,76
CLBM,f,A,2017,3,DIESEL_IND,PRICE,Raw,2038
CLBM,f,A,2017,3,DIESEL_RD,PRICE,Raw,968
CLBM,f,A,2017,3,GLASS_SH,PRICE,Raw,157
CLBM,f,A,2017,3,GMS_ANGLE,PRICE,Raw,14623
CLBM,f,A,2017,3,GMS_FLAT,PRICE,Raw,11071
CLBM,f,A,2017,3,GMS_PLATE,PRICE,Raw,10011
CLBM,f,A,2017,3,HARDW_SAWN,PRICE,Raw,5814
CLBM,f,A,2017,3,HOMOF_200,PRICE,Raw,166
CLBM,f,A,2017,3,MF_SP,PRICE,Raw,5295
CLBM,f,A,2017,3,MOSAIC_18,PRICE,Raw,122
CLBM,f,A,2017,3,MOSAIC_25,PRICE,Raw,50
CLBM,f,A,2017,3,MOSAIC_45,PRICE,Raw,145
CLBM,f,A,2017,3,PAINT_ACRY,PRICE,Raw,50
CLBM,f,A,2017,3,PAINT_EMUL,PRICE,Raw,53
CLBM,f,A,2017,3,SAND,PRICE,Raw,121
CLBM,f,A,2017,3,SR_HIGH,PRICE,Raw,4437
CLBM,f,A,2017,3,SR_ROUND,PRICE,Raw,5660
CLBM,f,A,2017,3,TF_PLY,PRICE,Raw,74
CLBM,f,A,2017,3,TF_SAWN,PRICE,Raw,4556
CLBM,f,A,2017,3,UPVC_32,PRICE,Raw,52
CLBM,f,A,2017,3,WALL_COLOR,PRICE,Raw,440
CLBM,f,A,2017,3,WALL_WHITE,PRICE,Raw,243
CLBM,f,A,2017,4,AGG,PRICE,Raw,57
CLBM,f,A,2017,4,BIT,PRICE,Raw,6150
CLBM,f,A,2017,4,CEMENT,PRICE,Raw,702
CLBM,f,A,2017,4,CONCRETE,PRICE,Raw,78
CLBM,f,A,2017,4,DIESEL_IND,PRICE,Raw,2039
CLBM,f,A,2017,4,DIESEL_RD,PRICE,Raw,967
CLBM,f,A,2017,4,GLASS_SH,PRICE,Raw,157
CLBM,f,A,2017,4,GMS_ANGLE,PRICE,Raw,14632
CLBM,f,A,2017,4,GMS_FLAT,PRICE,Raw,11155
CLBM,f,A,2017,4,GMS_PLATE,PRICE,Raw,10011
CLBM,f,A,2017,4,HARDW_SAWN,PRICE,Raw,5814
CLBM,f,A,2017,4,HOMOF_200,PRICE,Raw,167
CLBM,f,A,2017,4,MF_SP,PRICE,Raw,5288
CLBM,f,A,2017,4,MOSAIC_18,PRICE,Raw,122
CLBM,f,A,2017,4,MOSAIC_25,PRICE,Raw,50
CLBM,f,A,2017,4,MOSAIC_45,PRICE,Raw,145
CLBM,f,A,2017,4,PAINT_ACRY,PRICE,Raw,50
CLBM,f,A,2017,4,PAINT_EMUL,PRICE,Raw,53
CLBM,f,A,2017,4,SAND,PRICE,Raw,120
CLBM,f,A,2017,4,SR_HIGH,PRICE,Raw,4295
CLBM,f,A,2017,4,SR_ROUND,PRICE,Raw,5590
CLBM,f,A,2017,4,TF_PLY,PRICE,Raw,74
CLBM,f,A,2017,4,TF_SAWN,PRICE,Raw,4556
CLBM,f,A,2017,4,UPVC_32,PRICE,Raw,52
CLBM,f,A,2017,4,WALL_COLOR,PRICE,Raw,440
CLBM,f,A,2017,4,WALL_WHITE,PRICE,Raw,243
CLBM,f,A,2017,5,AGG,PRICE,Raw,59
CLBM,f,A,2017,5,BIT,PRICE,Raw,6150
CLBM,f,A,2017,5,CEMENT,PRICE,Raw,702
CLBM,f,A,2017,5,CONCRETE,PRICE,Raw,78
CLBM,f,A,2017,5,DIESEL_IND,PRICE,Raw,2050
CLBM,f,A,2017,5,DIESEL_RD,PRICE,Raw,957
CLBM,f,A,2017,5,GLASS_SH,PRICE,Raw,157
CLBM,f,A,2017,5,GMS_ANGLE,PRICE,Raw,14605
CLBM,f,A,2017,5,GMS_FLAT,PRICE,Raw,11194
CLBM,f,A,2017,5,GMS_PLATE,PRICE,Raw,10005
CLBM,f,A,2017,5,HARDW_SAWN,PRICE,Raw,5814
CLBM,f,A,2017,5,HOMOF_200,PRICE,Raw,168
CLBM,f,A,2017,5,MF_SP,PRICE,Raw,5284
CLBM,f,A,2017,5,MOSAIC_18,PRICE,Raw,122
CLBM,f,A,2017,5,MOSAIC_25,PRICE,Raw,50
CLBM,f,A,2017,5,MOSAIC_45,PRICE,Raw,145
CLBM,f,A,2017,5,PAINT_ACRY,PRICE,Raw,50
CLBM,f,A,2017,5,PAINT_EMUL,PRICE,Raw,53
CLBM,f,A,2017,5,SAND,PRICE,Raw,113
CLBM,f,A,2017,5,SR_HIGH,PRICE,Raw,4270
CLBM,f,A,2017,5,SR_ROUND,PRICE,Raw,5520
CLBM,f,A,2017,5,TF_PLY,PRICE,Raw,74
CLBM,f,A,2017,5,TF_SAWN,PRICE,Raw,4556
CLBM,f,A,2017,5,UPVC_32,PRICE,Raw,52
CLBM,f,A,2017,5,WALL_COLOR,PRICE,Raw,440
CLBM,f,A,2017,5,WALL_WHITE,PRICE,Raw,243
CLBM,f,A,2017,6,AGG,PRICE,Raw,57
CLBM,f,A,2017,6,BIT,PRICE,Raw,6150
CLBM,f,A,2017,6,CEMENT,PRICE,Raw,695
CLBM,f,A,2017,6,CONCRETE,PRICE,Raw,77
CLBM,f,A,2017,6,DIESEL_IND,PRICE,Raw,2048
CLBM,f,A,2017,6,DIESEL_RD,PRICE,Raw,957
CLBM,f,A,2017,6,GLASS_SH,PRICE,Raw,157
CLBM,f,A,2017,6,GMS_ANGLE,PRICE,Raw,14605
CLBM,f,A,2017,6,GMS_FLAT,PRICE,Raw,11194
CLBM,f,A,2017,6,GMS_PLATE,PRICE,Raw,10005
CLBM,f,A,2017,6,HARDW_SAWN,PRICE,Raw,5814
CLBM,f,A,2017,6,HOMOF_200,PRICE,Raw,168
CLBM,f,A,2017,6,MF_SP,PRICE,Raw,5284
CLBM,f,A,2017,6,MOSAIC_18,PRICE,Raw,122
CLBM,f,A,2017,6,MOSAIC_25,PRICE,Raw,50
CLBM,f,A,2017,6,MOSAIC_45,PRICE,Raw,145
CLBM,f,A,2017,6,PAINT_ACRY,PRICE,Raw,50
CLBM,f,A,2017,6,PAINT_EMUL,PRICE,Raw,53
CLBM,f,A,2017,6,SAND,PRICE,Raw,120
CLBM,f,A,2017,6,SR_HIGH,PRICE,Raw,4303
CLBM,f,A,2017,6,SR_ROUND,PRICE,Raw,5570
CLBM,f,A,2017,6,TF_PLY,PRICE,Raw,74
CLBM,f,A,2017,6,TF_SAWN,PRICE,Raw,4556
CLBM,f,A,2017,6,UPVC_32,PRICE,Raw,52
CLBM,f,A,2017,6,WALL_COLOR,PRICE,Raw,440
CLBM,f,A,2017,6,WALL_WHITE,PRICE,Raw,243
CLBM,f,A,2017,7,AGG,PRICE,Raw,67
CLBM,f,A,2017,7,BIT,PRICE,Raw,6150
CLBM,f,A,2017,7,CEMENT,PRICE,Raw,695
CLBM,f,A,2017,7,CONCRETE,PRICE,Raw,76
CLBM,f,A,2017,7,DIESEL_IND,PRICE,Raw,2039
CLBM,f,A,2017,7,DIESEL_RD,PRICE,Raw,960
CLBM,f,A,2017,7,GLASS_SH,PRICE,Raw,157
CLBM,f,A,2017,7,GMS_ANGLE,PRICE,Raw,14762
CLBM,f,A,2017,7,GMS_FLAT,PRICE,Raw,11577
CLBM,f,A,2017,7,GMS_PLATE,PRICE,Raw,10023
CLBM,f,A,2017,7,HARDW_SAWN,PRICE,Raw,5814
CLBM,f,A,2017,7,HOMOF_200,PRICE,Raw,168
CLBM,f,A,2017,7,MF_SP,PRICE,Raw,5332
CLBM,f,A,2017,7,MOSAIC_18,PRICE,Raw,122
CLBM,f,A,2017,7,MOSAIC_25,PRICE,Raw,50
CLBM,f,A,2017,7,MOSAIC_45,PRICE,Raw,145
CLBM,f,A,2017,7,PAINT_ACRY,PRICE,Raw,50
CLBM,f,A,2017,7,PAINT_EMUL,PRICE,Raw,53
CLBM,f,A,2017,7,SAND,PRICE,Raw,124
CLBM,f,A,2017,7,SR_HIGH,PRICE,Raw,4562
CLBM,f,A,2017,7,SR_ROUND,PRICE,Raw,5670
CLBM,f,A,2017,7,TF_PLY,PRICE,Raw,74
CLBM,f,A,2017,7,TF_SAWN,PRICE,Raw,4556
CLBM,f,A,2017,7,UPVC_32,PRICE,Raw,52
CLBM,f,A,2017,7,WALL_COLOR,PRICE,Raw,440
CLBM,f,A,2017,7,WALL_WHITE,PRICE,Raw,243
